kode_item,nama_item,kategori,satuan,harga_pokok,harga_jual
001,KAPAL API 6g,KP,RNTNG,8975.0,9500.0
002,GOOD DAY FREZZE,KP,RNTNG,22050.0,22500.0
003,KAPAL API GULA MANTAP 24G,KP,RNTNG,13315.67,14000.0
004,KAPAL API KOPI SUSU,KP,RNTNG,16450.0,17000.0
005,KAPAL API SP MIX 23G,KP,RNTNG,16083.33,17000.0
006,GOOD DAY LATTE BUTTERSCOTCH 22G,KP,RNTNG,13700.0,14500.0
007,GOOD DAY LATTE ORIGINAL 22g,KP,RNTNG,13750.0,14500.0
008,GOOD DAY CHOCHOCINO 20G,KP,RNTNG,13911.67,14500.0
009,GOOD DAY ORIGINAL 20G,KP,RNTNG,13911.67,14500.0
010,GOOD DAY CAPPOCINO WHITE COCOA25G,KP,RNTNG,19558.33,20250.0
011,GOOD DAY MOCACINO 20G,KP,RNTNG,13911.67,14500.0
012,GOOD DAY VANILLA LATTE 20G,KP,RNTNG,13911.67,14500.0
013,ABC KOPI SUSU 30G,KP,RNTNG,16450.0,17000.0
014,LUWAK WHITE COFFE 20G,KOPI,RNTNG,14464.58,15500.0
015,ENERGEN VANILA 34G,MINUMAN,RNTNG,19062.5,19500.0
016,ENERGEN KACANG IJO 32G,MINUMAN,RNTNG,19500.0,20000.0
017,ENERGEN COKLAT 35G,MINUMAN,RNTNG,19070.0,20000.0
018,SASA 250G,SASA,PCS,11937.5,12500.0
019,SASA 500,SASA,PCS,2644.44,2797.65
020,SASA 1000,SASA,PCS,870.83,1000.0
021,SASA 2000,SASA,PCS,1762.5,2000.0
024,SASA 5000,SASA,PCS,4400.0,5000.0
025,SASA 10.000,SASA,PCS,8916.67,9500.0
026,AJINOMOTO,BUMBU,PCS,9900.0,10500.0
027,ADEM SARI BTL,MINUMAN,PCS,6000.0,7500.0
028,MASAKO SAPI,BUMBU,RNTNG,4400.0,5000.0
029,SAJIKU NASI GORENG AYAM,BUMBU,PCS,1700.0,2000.0
030,MASAKO AYAM,BUMBU,RNTNG,4400.0,5000.0
031,LADAKU,BUMBU,PCS,940.63,1000.0
032,SAORI SAOS TIRAM,BUMBU,PCS,2402.08,3000.0
034,MAMY POKO L RNTG,PAMPES,RNTNG,7111.11,8000.0
036,TEPUNG SASA 1000,TEPUNG,RNTNG,8133.33,8500.0
037,KOSONG,NOL,KG,0.0,0.0
038,LENCANA MERAH 1kg,TEPUNG,PCS,8833.33,9500.0
039,SEGITIGA BIRU 1kg,TEPUNG,PCS,10416.67,11000.0
040,TEPUNG BERAS ROSE BRAND 500g,TEPUNG,PCS,7850.0,8500.0
041,TEPUNG KETAN rose brand 500g,TEPUNG,PCS,16000.0,16500.0
042,TEPUNG CAKRA KEMBAR 1KG,TEPUNG,PCS,10750.0,11000.0
043,SEDAP KOREAN,SEDAP,PCS,2731.25,2900.0
044,SEDAP GORENG DAVIENA,SEDAP,PCS,2665.0,2900.0
045,SEDAP SOTO,SEDAP,PCS,2603.75,2800.0
046,SEDAP AYAM BAWANG,SEDAP,PCS,2610.0,2750.0
047,SEDAP GORENG,SEDAP,PCS,2731.25,2800.0
048,EKO MIE RENTENG,SEDAP,PCS,1745.83,2000.0
051,PEPSODENT 120G,SBN,PCS,8583.33,9000.0
053,GARAM DAUN 250G,BUMBU,PCS,1875.0,2500.0
054,PEPSODENT 72G,SBN,PCS,4166.67,5000.0
055,KOSONG,NOL,PAK,0.0,0.0
056,PEPSODENT 190G+20G,SBN,PCS,12333.33,13500.0
057,SOFFEL JERUK,OBAT,PCS,399.31,426.38
058,SARIMI GELAS BAKSO,INDOMIE,RNTNG,8041.67,8500.0
059,SARIMI GELAS AYAM BAWANG,INDOMIE,RNTNG,8041.67,8500.0
060,SARIMI GELAS  SOSIS,INDOMIE,RNTNG,8041.67,8500.0
061,SARIMI GELAS KARI,INDOMIE,RNTNG,8041.67,8500.0
062,kosong,NOL,PCS,0.0,0.0
063,kosong,NOL,PCS,4620.0,5000.0
064,kosong,NOL,PCS,4620.0,5000.0
065,LIQUID 500,SBN,PCS,4600.0,5000.0
066,kosong,NOL,PCS,4600.0,5000.0
067,kosong,NOL,PCS,4350.0,4850.0
068,KOSONG,NOL,PCS,4375.0,5000.0
069,KOSONG,NOL,PCS,4300.0,5000.0
070,KOSONG,NOL,PCS,4375.0,5000.0
071,kosong,NOL,PCS,4375.0,5000.0
072,kosong,NOL,PCS,4375.0,5000.0
073,kosong,NOL,RNTNG,4375.0,4750.0
074,kosong,NOL,RNTNG,4375.0,5000.0
075,kosong,NOL,RNTNG,4375.0,4750.0
076,SOKLIN PK 1.000,SBN,RNTNG,4666.67,5000.0
077,BOOM CINTA 5000,SBN,PCS,2638.89,5000.0
078,GIVE BATANG,SBN,PCS,2500.0,2750.0
079,KAPAL API 350G,KP,PCS,48277.78,50000.0
080,TORABIKA,KOPI,RNTNG,20541.67,22595.83
081,KOSONG,NOL,PCS,2500.0,2750.0
082,KOSONG,NOL,PCS,2500.0,2750.0
083,SWALLOW,AGAR AGAR,PCS,4041.67,4500.0
084,KODOMO ANAK PASTA,SBN,PCS,4681.25,5500.0
085,SOKLIN PK 500,SBN,RNTNG,2400.0,2750.0
086,CEMERLANG,SBN,RNTNG,3250.0,4000.0
087,SEDANI SPIRAL 1KG,CAMILAN,PCS,17450.0,18764.78
088,KOSONG,NOL,PCS,3150.0,3354.44
089,LERVIA,SBN,PCS,3086.39,3350.3
090,KOSONG,NOL,PCS,4380.95,4750.0
091,KOSONG,NOL,RNTNG,4304.17,4500.0
092,KOSONG,NOL,RNTNG,4583.33,4500.0
093,DAIA 800g,SBN,PCS,15425.0,16000.0
094,TORABIKA SUSU,KOPI,RNTNG,16375.0,17000.0
095,SEDANI KERANG 1KG,CAMILAN,PCS,17450.0,18500.0
096,SOKLIN SMART 725g,SBN,PCS,21500.0,23000.0
097,BEBETO,CAMILAN,PCS,1625.0,2000.0
098,TIC TIC,CAMILAN,RNTNG,16500.0,17500.0
099,FRENCH FRIES POTATO,CAMILAN,PCS,1700.0,2000.0
100,MAMY POKO PANTS XL26,PAMPES,PCS,50500.0,52500.0
1000,VIGO,SOSIS,PAK,9958.33,10500.0
1001,KECAP INDOFOOD,KECAP,PCS,6700.0,7500.0
1002,KACANG GARING,CAMILAN,PCS,862.5,1000.0
1003,SARIMI GELAS AYAM DOWER,INDOMIE,RNTNG,8041.67,8500.0
1004,ADEM SARI CINGKU,MINUMAN,PCS,6000.0,7500.0
1005,SIMAS 1/4,MENTEGA,KG,5255.0,6500.0
1006,CLEVO COKLAT,SUSU,PCS,2062.5,2300.0
1007,CLEVO STROBERY,SUSU,PCS,2400.0,3000.0
1008,JASA DINGIN,MINUMAN,PCS,0.0,250.0
1009,SEDAP CUP KOREA,SEDAP,PCS,4291.67,4750.0
101,MAMY POKO PANTS L28,PAMPES,PCS,45000.0,47000.0
1010,kosong,NOL,PAK,5642.71,6500.0
10100,RAINBOW,CAMILAN,PCS,1600.0,2000.0
10101,KRUPUK GORENG,KRUPUK,PCS,750.0,1000.0
10102,MIKO NANGKA,CAMILAN,PCS,1500.0,2000.0
10103,SLAI OLAI 2.000,CAMILAN,PCS,1600.0,2000.0
10104,ANGET SARI SuSU JAHE,KOPI,RNTNG,10320.0,11000.0
10105,KOSONG,NOL,RNTNG,4375.0,5000.0
10106,MICIN 1 ONS,REMPAH,PCS,2000.0,3000.0
10107,NORI MIE GORENG,CAMILAN,PCS,1531.68,2000.0
10108,SWISCO WAFER,CAMILAN,PCS,1617.0,2000.0
10109,MATA SAPI,PERMEN,PCS,825.0,1000.0
1011,RELAXA,PERMEN,PAK,5536.46,6500.0
10110,PENDEKAR BIRU,PERMEN,PAK,5500.0,6500.0
10111,KUKIS FASO ORIGINAL,ROTI,PCS,1601.32,1800.0
10112,KUKIS FASO COKLAT,ROTI,PCS,1601.32,1800.0
10113,KUKIS FASO KEJU,ROTI,PCS,1601.32,1800.0
10114,QTELA,CAMILAN,PCS,1665.18,2000.0
10115,TANGO COKLAT,CAMILAN,PCS,1541.67,2000.0
10116,TANGO STROBERY,CAMILAN,PCS,1541.67,2000.0
10117,NOBO,SUSU,PCS,2424.46,3500.0
10118,CHITATO,CAMILAN,PCS,1658.33,2000.0
10119,EKONOMI LIQUID JERUK,SBN,PCS,3000.0,3500.0
1012,KOSONG,NOL,RNTNG,11813.12,13000.0
10120,CUKA MERAK,REMPAH,PCS,2550.0,3500.0
10121,KOSONG,NOL,RNTNG,4062.75,4500.0
10122,KOSONG,NOL,RNTNG,4062.75,4500.0
10123,ROYALE ISI 12,SBN,RNTNG,4062.75,4500.0
10124,PUSAKO BUNGA BIRU 250,CAMILAN,PCS,12625.0,22000.0
10125,PUSAKO HIJAU 50,CAMILAN,PCS,4175.0,7500.0
10126,PUSAKO BIRU 250,CAMILAN,PCS,27500.0,29000.0
10127,PUSAKO HITAM 100,CAMILAN,PCS,11500.0,13000.0
10128,PUSAKO UNGU 60,CAMILAN,PCS,4941.67,8500.0
10129,ROKOK A SATU FILTER,ROKOK,PCS,16050.0,17000.0
1013,OKKY JELLY DRINK,MINUMAN,PCS,800.0,1000.0
10130,TUJUH KURMA,SUSU,PCS,8602.08,9500.0
10131,TOPPAS 12,ROKOK,PCS,16050.0,17000.0
10132,TOPPAS RG 12,ROKOK,PCS,16000.0,17000.0
10133,kosong,NOL,KG,5125.0,5500.0
10134,ROTI SUSU,ROTI,PCS,840.0,1000.0
10135,BLUE BAND 200 ML,MENTEGA,PCS,8500.0,9000.0
10136,CHITATO LATTE,CAMILAN,PCS,1650.0,2000.0
10137,kosong,NOL,KG,29200.0,32000.0
10138,FINTO JERUK,RASA RASA,RNTNG,3208.33,3208.33
10139,FINTO ANGGUR,RASA RASA,RNTNG,3208.33,3500.0
1014,PERMIFAN,KUE,ONS,3750.0,5000.0
10140,BODREX,OBAT,PCS,388.54,500.0
10141,BONTEH TARIK,KP,RNTNG,19583.33,22380.95
10142,EKONOMI 5.000,SBN,PCS,4350.0,4698.0
10143,CIPTADENT KECIL,SBN,PCS,1185.68,1500.0
10144,CIPTADENT TANGGUNG,SBN,PCS,2648.38,3500.0
10145,KOSONG,NOL,PCS,17450.0,18500.0
10146,ELRICO,CAMILAN,PCS,1552.35,2000.0
10147,kosong,NOL,PCS,2118.06,2500.0
10148,ANYA,CAMILAN,PCS,1552.35,2000.0
10149,LIQUID 2.000,SBN,PCS,1510.42,1750.0
1015,SANIA,MINYAK,PCS,40500.0,42000.0
10150,POP ICE ANGGUR,RASA RASA,RNTNG,10688.0,11250.0
10151,kosong,NOL,PCS,1510.42,1750.0
10152,KOPI NONGKRONG,KOPI,PCS,758.33,1000.0
10153,SAI GANDUM 108G,CAMILAN,PCS,8291.67,9500.0
10155,FAIR LOVELY GLOW,SBN,PCS,3229.17,4500.0
10156,SARI GANDUM 108G,CAMILAN,PCS,8291.67,9500.0
10157,PETANI 5KG,BERAS,KG,14100.0,14575.28
10158,KOSONG,NOL,PCS,5400.0,6500.0
10159,PETANI 25KG ECER,BERAS,KG,13700.0,14215.04
1016,kosong,NOL,PCS,3183.33,4000.0
10160,BENG BENG,CAMILAN,PCS,2058.82,2500.0
10161,SAANG 1 ONS,REMPAH,ONS,15300.0,17500.0
10162,SAANG 1/2 ONS,REMPAH,ONS,7650.0,9000.0
10163,KOSONG,REMPAH,ONS,14800.0,17000.0
10164,KEMIRI 1ONS,REMPAH,ONS,3850.0,6000.0
10165,MICIN 1/4,REMPAH,KG,5500.0,7000.0
10166,KEMIRI 1/2 ONS,REMPAH,ONS,1925.0,3000.0
10167,KETUMBAR 1ONS,REMPAH,ONS,1800.0,3500.0
10168,KETUMBAR 1/2 ONS,REMPAH,ONS,900.0,1500.0
10169,HEMAVITON ACTION,OBAT,PCS,1360.0,2000.0
1017,PANDA CHIPS,CAMILAN,PCS,404.17,450.0
10170,SEDAP CUP AYAM JERIT,SEDAP,PCS,4083.33,4500.0
10171,YOUKO ROLL,PERMEN,PCS,408.38,500.0
10172,SALSA MIE GORENG,CAMILAN,PCS,406.3,500.0
10173,SALSA WAVI,CAMILAN,PCS,406.3,500.0
10174,SALSA TWIST CORN,CAMILAN,PCS,412.5,500.0
10175,SALSA KRIWIL,CAMILAN,PCS,406.3,500.0
10176,LOTTE CHOCHOPIE,CAMILAN,PCS,1613.54,2000.0
10177,PIZZA TIME,PERMEN,PCS,816.67,1000.0
10178,PETANI 10KG,BERAS,KG,13900.0,14000.0
10179,KOSONG,NOL,PCS,4830.0,6000.0
1018,PANDA CHIPS STROBERY,CAMILAN,RNTNG,4083.33,4500.0
10180,SIKAT KODOMO,SBN,PCS,2592.0,3500.0
10181,KODOMO ZIGZAG,SBN,PCS,7070.0,8500.0
10182,SO YUMIE BAKSO,SEDAP,RNTNG,8000.0,8500.0
10183,SO YUMI SOTO AYAM,SEDAP,RNTNG,8000.0,8500.0
10184,KOPI NANGKA,KOPI,KG,70500.0,75000.0
10185,ROYALE ISI 15,SBN,RNTNG,4208.33,5000.0
10186,KOSONG,NOL,RNTNG,4062.75,4500.0
10187,KOSONG,NOL,RNTNG,4062.75,4500.0
10188,KOSONG,NOL,RNTNG,4062.75,4500.0
10189,NUVO CAIR 200ML MERAH,SBN,PCS,7452.0,8500.0
1019,CHOCHO STROBERY,CAMILAN,RNTNG,4083.33,4500.0
10190,NUVO CAIR 200ML BIRU,SBN,PCS,7452.0,8500.0
10191,SOVIA,MINYAK,PCS,35000.0,40000.0
10192,JASJUS JAMBU,RASA RASA,RNTNG,2933.33,3250.0
10193,KOSONG,NOL,RNTNG,8572.2,9500.0
10194,KOSONG,NOL,RNTNG,8572.2,9500.0
10195,MAMA LIME CHARCOAL,SBN,PCS,1455.0,1750.0
10196,PROTEX NIGHT 30cm,PEMBALUT,RNTNG,6333.33,7000.0
10197,PROTEX NIGHT 35CM,PEMBALUT,RNTNG,7250.0,7750.0
10198,kosong,NOL,PCS,3500.0,4000.0
10199,KETUMBAR 1/4,REMPAH,KG,4625.0,7000.0
102,MAMY POKO PANTS M32,PAMPES,PCS,45000.0,47000.0
1020,CHOCHO COKLAT,CAMILAN,RNTNG,4083.33,4500.0
10200,POSH WHITENING,SBN,PCS,1347.22,2000.0
10201,POSH MEN,SBN,PCS,1349.99,2000.0
10202,POSH HIJAB,SBN,PCS,1347.22,2000.0
10203,kosong,NOL,KG,17700.0,18200.0
10204,kosoong,NOL,KG,17700.0,18100.0
10205,MILO UHT 110ML,SUSU,PCS,2722.22,3500.0
10206,ROKOK A SATU 12,ROKOK,PCS,16050.0,17000.0
10207,ROKOK A SATU 16,ROKOK,PCS,21600.0,23000.0
10208,kosong,NOL,KG,19000.0,20000.0
10209,kosong,NOL,KG,9500.0,10000.0
1021,RING KEJU,CAMILAN,RNTNG,4062.5,4500.0
10210,kosong,NOL,KG,12750.0,14000.0
10211,kosong,NOL,KG,6250.0,7000.0
10213,AQUVIVA KECIL,MINUMAN,PCS,737.5,1000.0
10215,HEBOH,CAMILAN,PCS,1575.0,2000.0
10216,M TOS,CAMILAN,PCS,1550.0,2000.0
10217,kosong,NOL,PCS,1687.5,2000.0
10218,PEPSODENT PLUS SIKAT,SBN,PCS,5000.0,6000.0
10219,SIKAT CIPTADENT,SBN,PCS,2640.0,3500.0
1022,GOPEK,CAMILAN,RNTNG,8166.67,9000.0
10220,SANTAN KARA,REMPAH,PCS,4277.78,5000.0
10221,MULTI,TISU,PCS,2344.44,3000.0
10222,HEMAVITON DRINK,MINUMAN,PCS,4500.0,5000.0
10225,KECAP SEDAAP BTL 275ML,KECAP,PCS,16930.0,18000.0
10228,SOKLIN BESAR,SBN,PCS,14650.0,15500.0
10229,NABATI KEJU 5.000,NABATI,PCS,3783.33,4500.0
1023,RIRI WARNA,CAMILAN,RNTNG,4125.0,4500.0
10230,KECAP SEDAAP BTL ex 100ML,KECAP,PCS,29710.0,31000.0
10231,NEXTAR CHOCHOLATE PIE,CAMILAN,PCS,1505.21,1802.17
10232,MALKIST CKCK,CAMILAN,RNTNG,8320.83,9000.0
10233,JETZ SWEET,CAMILAN,PCS,1547.5,2000.0
10234,OREO MINI COKLAT,CAMILAN,PCS,1716.67,2000.0
10235,AOKA KOTAK DURIAN,ROTI,PCS,1833.33,1950.0
10236,WAFELLO COKLAT 2.000,CAMILAN,PCS,1506.82,2000.0
10238,NABATI WAFER KEJU,NABATI,PCS,389.58,500.0
10239,SHAMPO LIFEBOUY,SHAMPO,RNTNG,4375.0,5000.0
1024,ROTI SURYA,ROTI,PCS,800.0,1000.0
10241,COOKIE LOLLIPOP,CAMILAN,PCS,850.0,1000.0
10242,MIE GORENG JAWA AYAM BAKAR,CAMILAN,PCS,406.25,500.0
10243,MIE GORENG JAWA BALADO,CAMILAN,PCS,406.25,500.0
10244,PEREKAT LALAT,CAMILAN,PCS,3750.0,5000.0
10245,GIV CAIR KECIL,SBN,PCS,1858.42,2500.0
10246,LAVENDA,OBAT,RNTNG,4256.0,5000.0
10247,KOSONG,NOL,RNTNG,0.0,0.0
10248,KOSONG,OBAT,RNTNG,0.0,0.0
10249,KSONG,OBAT,RNTNG,0.0,0.0
1025,BALAP,CAMILAN,PCS,1575.0,2000.0
10250,ALAMO KECIL DINGIN,MINUMAN,PCS,1500.0,2500.0
10251,KULIT PANGSIT,CAMILAN,PCS,1553.33,2000.0
10252,PROTEX DAUN SIRIH 30CM,PEMBALUT,RNTNG,6333.33,7500.0
10253,SEDAP SOTO MADURA,SEDAP,PCS,2634.5,2850.0
10254,SEDAP CHEESE BULDAK,SEDAP,PCS,2781.83,3000.0
10255,BERAS 55 5KG,BERAS,KG,15600.0,15800.0
10256,BERAS 55 25KG,BERAS,KG,14800.0,15600.0
10257,ARDEN,CAMILAN,PCS,1649.38,2000.0
10258,kosong,NOL,PCS,2118.06,2300.0
10259,SAOS SAMBAL EX PDS 275ML,SAOS,PCS,10500.0,11500.0
1026,GOOD TIME 2000,CAMILAN,PCS,1687.5,2000.0
10261,OTTE,MINUMAN,PCS,731.25,1000.0
10262,TAIKO RUMPUT LAUT,CAMILAN,PCS,1583.33,2000.0
10263,TAIKO SAPI PANGGANG,CAMILAN,PCS,1583.33,2000.0
10264,MINI TEDDY,CAMILAN,PCS,400.0,500.0
10265,SABUN RATU,SBN,PCS,6250.0,6500.0
10266,LENTERA MAS,CAMILAN,PCS,14833.33,17000.0
10267,TANGO BROWNIS CRSPY SUSU,CAMILAN,PCS,1625.0,2000.0
10268,TANGO BROWNIS CRSPY COKLAT,CAMILAN,PCS,1625.0,2000.0
10269,kosong,NOL,KG,14250.0,16000.0
1027,BENG BENG DRINK,MINUMAN,RNTNG,20541.67,21500.0
10270,KACANG INDIA  kecil 1/4,CAMILAN,KG,6875.0,8000.0
10271,KRIPTOS JAGUNG,CAMILAN,PCS,415.0,500.0
10272,KRIPTOS BALADO,CAMILAN,PCS,415.0,500.0
10273,ABC PLUS GULA,KP,RNTNG,7758.25,8500.0
10274,PEPSODENT 25G,SBN,PCS,1583.33,2000.0
10275,RENGGINANG 1/2,CAMILAN,KG,13000.0,15000.0
10276,RENGGINANG 1 KG,CAMILAN,KG,26000.0,30000.0
10277,KRUPUK MENTAH,KRUPUK,KG,26000.0,28000.0
10278,KOSONG,NOL,PCS,1972.22,2750.0
1028,GOPEK 2000,CAMILAN,PAK,16000.0,17000.0
10280,SEDANI PIPA,CAMILAN,PCS,17450.0,18500.0
10281,BELINJO LOS,CAMILAN,KG,68000.0,74000.0
10283,BELINJO 1KG,CAMILAN,KG,69000.0,75000.0
10284,BAYGON DB,OBAT,PCS,3533.33,4000.0
10285,MENJANGAN KERITING,CAMILAN,PCS,7875.0,9000.0
10286,SHAMPO KODOMO 45ML,SHAMPO,PCS,1985.0,2500.0
10287,KOSONG,NOL,RNTNG,11813.12,13000.0
10288,KOSONG,NOL,RNTNG,11813.12,13000.0
10289,NUTRISARI JERUK PERAS,RASA RASA,RNTNG,12361.11,13079.85
1029,TIARA 2000,CAMILAN,PCS,1500.0,2000.0
10290,KOSONG,NOL,RNTNG,11875.62,13000.0
10291,KOSONG,NOL,RNTNG,11813.12,13000.0
10292,kosong,NOL,KG,10250.0,11000.0
10293,DESAKU CABE BUBUK,BUMBU,PCS,783.8,1000.0
10294,KACANG KUPAS KECILl 1/2,CAMILAN,KG,14850.0,16000.0
10295,KACANG KUPAS KECIL 1/4,CAMILAN,KG,7425.0,8000.0
10296,KOSONG,NOL,RNTNG,7666.67,8500.0
10297,FAIR LOVELY FACIAL,SBN,PCS,2500.0,3500.0
10299,KACANG ASIN 500G,CAMILAN,PCS,22000.0,27000.0
103,MIE KUDA MENJANGAN KERITING,CAMILAN,PAK,31500.0,35000.0
1030,NABATI SIP KEJU  BILE,NABATI,PCS,1516.67,2000.0
10300,KACANG ASIN 250G,CAMILAN,PCS,10500.0,12000.0
10301,GULA MRH BULAT KECIL 1\2,CAMILAN,KG,7800.0,9000.0
10302,GULA MRH BULAT KECIL 1\4,CAMILAN,KG,3900.0,4500.0
10303,MALKIST COKLAT KELAPA,CAMILAN,PCS,824.25,1000.0
10304,EYEGLASS,PERMEN,PCS,501.62,750.0
10305,RINGGO,CAMILAN,PCS,400.0,500.0
10306,KETAN GAJAH 1/2,BERAS,KG,8250.0,12500.0
10307,TEPUNG ROTI 1/4,TEPUNG,KG,3125.0,4000.0
1031,NEXTAR BROWNIES,CAMILAN,PCS,1856.25,2000.0
10310,RELAXA CUWI,PERMEN,PAK,5500.0,6500.0
10311,kosong,NOL,PCS,1510.42,1750.0
10312,GURIBE RUMPUT LAUT,CAMILAN,PCS,1650.0,2000.0
10313,kosong,NOL,ONS,16500.0,18000.0
10314,kosong,NOL,ONS,33000.0,36000.0
10315,SO YUMI AYAM PEDAS,SEDAP,RNTNG,8000.0,8500.0
10316,BALA BALA,SBN,PCS,5500.0,6092.31
10317,AMPLOP KECIL,CAMILAN,PCS,74.61,250.0
10318,AMPLOP TANGGUNG,OBAT,PCS,100.3,300.0
10319,INDOMIE NYEMEK JOGJA,INDOMIE,PCS,2850.0,3000.0
1032,NABATI SIP BOX JAGUNG,NABATI,PCS,396.67,500.0
10320,kosong,NOL,KG,3928.0,5000.0
10321,KOSONG,NOL,RNTNG,11812.5,13000.0
10322,MINYAK TELON MY BABY 150G,OBAT,KG,29250.0,31000.0
10323,AUTAN ANAK,OBAT,RNTNG,4687.0,5000.0
10324,JASJUS ANGGUR,RASA RASA,RNTNG,2933.33,3250.0
10325,TAHU BULAT,CAMILAN,PCS,1600.0,2000.0
10326,SINOM,MINUMAN,PCS,7100.0,8500.0
10327,NISCAFE,KOPI,PCS,5729.17,7000.0
10328,PAALA,BUMBU,PCS,4000.0,5000.0
10329,GEMOY,CAMILAN,PCS,1645.0,2000.0
1033,ATIRA,CAMILAN,PCS,1575.0,2000.0
10330,KRUPUK BAKUNG KOTAK,KRUPUK,KG,19400.0,21000.0
10331,KLIK,CAMILAN,PCS,816.67,1000.0
10332,SHAUN THE SHEEP,CAMILAN,PCS,1600.0,17000.0
10333,KIKO MINI,MINUMAN,PCS,592.5,956.42
10334,SUKI,CAMILAN,PCS,798.75,1000.0
10335,POTATO Q RUMPUT LAUT,CAMILAN,PCS,1618.0,2000.0
10336,SUNCO,MINYAK,PCS,43000.0,45000.0
10337,NABATI WAFER COKLAT,NABATI,PCS,377.08,500.0
10338,ROTI JORDAN MISIS,ROTI,PCS,1720.0,2500.0
10339,ROKOK DJI SAM SOE 6+6,ROKOK,PCS,19300.0,21000.0
1034,CHOCHO DRINK,MINUMAN,RNTNG,18125.0,19000.0
10340,SOKLIN PEMUTIH BTL KCL,SBN,PCS,1600.0,2000.0
10341,SOKLIN 10.000,SBN,PCS,8200.0,9000.0
10342,POP ICE DURIAN,RASA RASA,RNTNG,10604.0,11500.0
10343,TOP ICE VANILA LATTE,MINUMAN,RNTNG,3125.0,3500.0
10344,FULLO VANILA 500,CAMILAN,PCS,439.83,500.0
10345,ROKOK 76 ROYAL,ROKOK,PCS,15500.0,16500.0
10346,FULLO COKLAT 500,NABATI,PCS,430.56,500.0
10348,BELINJO 1/4,CAMILAN,KG,17000.0,19000.0
10349,BELINJO 1/2,CAMILAN,KG,34000.0,37000.0
1035,NABATI SIP BOX KEJU,NABATI,PCS,377.08,500.0
10350,DELMONTE SAMBAL 1KG,SAOS,PCS,22380.82,24000.0
10351,DELMONTE SAOS TOMAT 1KG,SAOS,PCS,16148.0,18000.0
10353,MAMY POKO XL RNTG,PAMPES,RNTNG,9166.67,10500.0
10354,TEA JUS  MADU,RASA RASA,RNTNG,2944.44,3250.0
10355,POP ICE SULTAN,RASA RASA,RNTNG,10604.0,11250.0
10356,KOSONG,NOL,RNTNG,4208.33,4500.0
10357,PEPSODENT 225G,SBN,PCS,12500.0,14500.0
10358,GABIN UBM ASIN,CAMILAN,PCS,9466.46,10000.0
10359,WAFELLO BUTTER,CAMILAN,PCS,1544.38,2000.0
1036,NABATI PINK LAVA,NABATI,PCS,1506.25,1750.0
10360,SIMAS 1/2,MENTEGA,KG,10510.0,12000.0
10362,SUN BERAS MERAH,CAMILAN,RNTNG,12000.0,12500.0
10363,SUN PISANG,CAMILAN,RNTNG,12000.0,12500.0
10364,SUN KACANG HIJAU,CAMILAN,RNTNG,12000.0,12500.0
10365,KOPI BINTANG LIMA,KOPI,PCS,8583.33,9000.0
10366,KOPI YA,KOPI,PCS,8583.33,9606.22
10367,SABUN CUSSONS KECIL,SBN,PCS,3500.0,4000.0
10368,TULIP,TEPUNG,PCS,8400.0,9000.0
10369,JINTEN 1/2 ONS,REMPAH,PCS,3750.0,5000.0
1037,TANGO VANILA,CAMILAN,PCS,1541.67,2000.0
10370,JINTEN,REMPAH,PCS,750.0,1000.0
10371,JINTEN 1KG,REMPAH,KG,75000.0,90000.0
10372,KRUPUK BAROKAH,KRUPUK,KG,18000.0,20000.0
10373,BIO 200G,BUMBU,PCS,10625.0,11000.0
10374,KRUPUK IKAN,KRUPUK,KG,22000.0,24000.0
10375,KRUPUK CINCIN,KRUPUK,KG,18400.0,20000.0
10376,KRUPUK TAHU,KRUPUK,KG,16600.0,18219.51
10378,KRUPUK ROP POROP,KRUPUK,KG,13000.0,15000.0
10379,ROTI GEPENG,CAMILAN,PCS,800.0,1000.0
1038,DILAN WAFFLE,CAMILAN,PCS,1637.71,2000.0
10380,KRUPUK BANYUWANGI,KRUPUK,KG,18800.0,21000.0
10381,KRUPUK KEONG,KRUPUK,KG,18000.0,20000.0
10382,KRUPUK TIGA BERLIAN,KRUPUK,KG,18000.0,20000.0
10383,KECAP SEDAP 250GR,KECAP,PCS,6466.67,7500.0
10385,KRUPUK KANCING,KRUPUK,KG,20000.0,22000.0
10386,NABATI SIP BOX COKLAT,NABATI,PCS,396.67,500.0
10387,MENTOS,PERMEN,PCS,6250.0,7000.0
10389,CAMILAN ECER 2.000,CAMILAN,PCS,1500.0,2000.0
1039,GORIORIO,CAMILAN,PCS,435.42,500.0
10390,GARAM B,CAMILAN,PCS,100.0,1500.0
10391,SIP LAH,MINUMAN,DUS,25500.0,26000.0
10392,HAPPILY M,PAMPES,PCS,3040.0,4000.0
10393,mon mon 3kg,CAMILAN,PCS,44700.0,46000.0
103960,KRUPUK POLI,KRUPUK,KG,16000.0,19000.0
10399,HAPPILY L,PAMPES,RNTNG,18240.0,19500.0
104,KECAP SEDAAP 700ML,KECAP,PCS,15500.0,17000.0
1040,DILAN COOKIES CHIP,CAMILAN,PCS,847.83,1000.0
10400,HAPPILY XL,PAMPES,PCS,4104.0,5000.0
104005,REJOICE KONDISIONER,SHAMPO,RNTNG,9500.0,10000.0
10401,ROLLS COKLAT,CAMILAN,PAK,8166.67,9000.0
10402,COKLAT DUBAI,MINUMAN,PCS,1590.0,2000.0
10403,NABATI WHITE,NABATI,PCS,1525.0,1750.0
104032,SOLASI COKLAT,OBAT,PCS,7166.67,9000.0
10404,BASRENG,CAMILAN,PCS,8625.0,9000.0
10405,CAMILAN ECER 1.000,CAMILAN,PCS,750.0,1000.0
10406,CAMILAN ECER 500,CAMILAN,PCS,350.0,500.0
10407,ROYCO SAPI 220G,BUMBU,PCS,8666.67,9500.0
10408,WIPOL 5.000,OBAT,PCS,4250.0,5000.0
10409,DELMONTE BBQ 1KG,SAOS,PCS,32008.18,34000.0
1041,DILAN CRUNCHY CARAMEL,CAMILAN,PCS,1666.67,2000.0
10410,DELMONTE SAOS 200GR,SAOS,PCS,5321.0,6000.0
10411,DELMONTE SAMBAL 200GR,SAOS,PCS,5640.0,6500.0
10412,JELITA,SBN,PCS,2242.5,2500.0
10413,kosong,NOL,PCS,2242.5,2500.0
10414,JELEBIT,CAMILAN,PCS,1650.0,2000.0
10415,kosong,NOL,PCS,2242.5,2500.0
10416,KRUPUK CUMI HTM,KRUPUK,KG,17600.0,19000.0
10417,KEPENG,KRUPUK,KG,18000.0,20000.0
10418,PAK TANI,TEPUNG,PCS,6500.0,6750.0
10419,KRUPUK PENTOL,KRUPUK,KG,15400.0,18000.0
1042,DILAN MINI,CAMILAN,PCS,800.0,1000.0
10421,SUNLIGT WINGS 2.000,SBN,PCS,1633.33,1800.0
10422,GULA 1/2,CAMILAN,KG,7000.0,8000.0
10423,YUPI STRAWBERRY KISS,PERMEN,PAK,20860.0,23000.0
10424,KRUPUK UDANG CANGKIR,KRUPUK,PCS,8500.0,10000.0
10425,TINTA 25KG,BERAS,KG,13000.0,14000.0
10426,TINTA 10KG,BERAS,KG,13350.0,13500.0
10427,TINTA 5KG,BERAS,KG,13400.0,13600.0
10428,KRUPUK UDANG KELAPA GADING,KRUPUK,PCS,13500.0,15000.0
10429,AIR A3,MINUMAN,DUS,14500.0,14967.74
1043,GERY MISIS,CAMILAN,RNTNG,4333.33,4500.0
10430,KONDISIONER PANTINE,SHAMPO,RNTNG,9528.0,10000.0
10431,KRIPIK PISANG,CAMILAN,PCS,9000.0,10000.0
10432,MARY QUEEN,CAMILAN,PCS,763.89,1000.0
10433,CHOCHO LOLIPOP,CAMILAN,PCS,808.33,1000.0
10434,HITAM MANIS,CAMILAN,PCS,2222.22,3000.0
10435,GADING SAKTI,MINYAK,PCS,16916.67,18000.0
10436,SEDAP AYAM JERIT,SEDAP,PCS,2615.75,2800.0
10437,SEDAP BAKED BAYAM,SEDAP,PCS,2233.33,2500.0
10438,kosong,NOL,KG,0.0,0.0
10439,kosong,NOL,KG,9250.0,9500.0
1044,DILAN BAR,CAMILAN,PCS,1666.67,2000.0
10440,CHOCHO LOLIPOP STRBRY,CAMILAN,PCS,808.33,1000.0
10441,YALE YALE PANDAN,CAMILAN,PCS,412.5,500.0
10442,YALE YALE COKLAT,CAMILAN,PCS,412.5,500.0
10443,YALE YALE CRISPY,CAMILAN,PCS,412.5,500.0
10444,RAMBAK STIK,CAMILAN,PCS,40000.0,45000.0
10445,GULA KEREK 1/2,CAMILAN,KG,8300.0,9000.0
104450,KOSONG,CAMILAN,KG,155000.0,39000.0
10446,GULA KEREK 1/4,BUMBU,KG,4150.0,5000.0
10447,KRUPUK BAWANG BIBIR 1/2,KRUPUK,KG,16500.0,8500.0
10448,kosong,NOL,ONS,6700.0,8000.0
10449,KEMIRI 1/4,REMPAH,ONS,11500.0,13000.0
1045,BATRAI ABC AA,CAMILAN,PCS,2166.67,2500.0
10450,TEH POCI KOTAK,CAMILAN,PAK,6000.0,7500.0
104503,SOSOFT,SBN,RNTNG,8530.0,9500.0
10451,CLOSE UP 100g,SBN,PCS,14000.0,15000.0
10452,EKONOMI LIQUID JERUK 3.500,SBN,PCS,2470.0,3000.0
10453,SEDAP AYAM BAKAR LIMAU,SEDAP,PCS,2770.0,3000.0
10454,KECAP BANGO 3.000,KECAP,PCS,2291.67,3000.0
10455,CHOYO CHOYO,CAMILAN,PCS,400.0,500.0
10456,KINGTOS CIRENG PEDAS,CAMILAN,RNTNG,4110.67,4500.0
10457,BONANO WAFFEL PISCOK,CAMILAN,PCS,8133.33,9000.0
10458,VIP,CAMILAN,PCS,1600.0,2000.0
10459,SUNLIGHT WINGS 5.000,SBN,PCS,4083.33,4500.0
1046,POTABEE,CAMILAN,PCS,1616.67,2000.0
10460,RENGGINANG TERASI 1/2,CAMILAN,PCS,14000.0,17000.0
10461,HATARI,CAMILAN,PCS,5888.89,6500.0
10462,TING TING,PERMEN,PCS,8975.0,9500.0
10463,BEJO,MINUMAN,PCS,2500.0,3500.0
10468,AIR A3 MINI,MINUMAN,DUS,10000.0,11000.0
1047,SEDAP BAKSO,SEDAP,PCS,2556.25,2800.0
10470,GULA ASEM,MINUMAN,DUS,17000.0,17500.0
10471,SARI JAMBU,MINUMAN,DUS,17000.0,17500.0
10472,OOPS SEASALT,CAMILAN,RNTNG,14750.0,17000.0
10473,SPIRIT,CAMILAN,DUS,17000.0,17500.0
10474,ES TELER MINI,MINUMAN,DUS,17000.0,17500.0
10475,SARI APEL,MINUMAN,DUS,17000.0,17500.0
10476,OOPS BALADO,CAMILAN,RNTNG,14750.0,17000.0
1048,CEBBING 10KG,BERAS,KG,130000.0,134000.0
10480,SPIX MIE,CAMILAN,RNTNG,4250.0,4500.0
10481,SHAMPO DAVE,SHAMPO,RNTNG,9200.0,9500.0
10482,KOSONG,NOL,RNTNG,9200.0,9500.0
10483,SHAMPO CLEAR,SHAMPO,RNTNG,9000.0,9500.0
10484,ZAKAT FITRAH,CAMILAN,PCS,43800.0,44500.0
10485,SHAMPO SUNSILK,SHAMPO,RNTNG,9000.0,9500.0
10486,MICIN 1/2,BUMBU,KG,11000.0,13500.0
10487,KACANG KUPAS B 1/2,CAMILAN,KG,14840.0,17000.0
10488,KACANG INDIA B 1/2,CAMILAN,KG,15500.0,16500.0
10489,KACANG INDIA B 1/4,CAMILAN,KG,7750.0,8500.0
1049,GERY DONAT,CAMILAN,PCS,425.0,500.0
10490,MILKITA,CAMILAN,RNTNG,8531.25,9000.0
10491,MINYAK INDOMART,MINYAK,PCS,35500.0,36500.0
10493,KETAN PISAN 1/2,CAMILAN,KG,9500.0,13000.0
10494,MIZONE,MINUMAN,PCS,3975.0,5000.0
10495,KETUMBAR 1/4,CAMILAN,PCS,9500.0,13000.0
10496,KEMIRI 1/2,REMPAH,KG,23000.0,25000.0
10498,SAKURA,INDOMIE,PCS,1400.0,2000.0
10499,PEPSODENT SIWAK 65G,SBN,PCS,4301.25,5500.0
105,MINYAK FILMA 2L,MINYAK,PCS,40500.0,42000.0
1050,BATRAI ABC AAA,OBAT,PCS,3583.33,4000.0
10500,SUSU JAHE SIDOMUNCUL,KOPI,RNTNG,15333.33,16000.0
10501,MEDICARE,SBN,PCS,2500.0,3000.0
10503,KOSONG,NOL,KG,39000.0,42000.0
10504,KOSONG,NOL,KG,19500.0,21000.0
10505,YUPI PLAY,PERMEN,PCS,666.67,1000.0
10506,GERY SALUT COKLAT,CAMILAN,PAK,8333.33,9000.0
10509,LUX BATANG,SBN,PCS,3701.39,4000.0
1051,SEDAP CUP SOTO,SEDAP,PCS,4050.0,4500.0
10510,ROMA KELAPA 300G,CAMILAN,PCS,8035.71,8500.0
105100,VAPE SPRAY,OBAT,PCS,27000.0,30000.0
105101,BLUE BAND 4.5KG,MENTEGA,DUS,205000.0,210000.0
105102,MINYAK FITRI 200ML,MINYAK,PCS,5500.0,6000.0
105103,DERMYTHOL,SBN,PAK,7500.0,9000.0
105104,KOSONG,NOL,PCS,4991.67,6000.0
105105,KAKI TIGA ANAK KALENG,MINUMAN,PCS,4991.67,6000.0
10511,KREZO,CAMILAN,RNTNG,16000.0,17500.0
10512,MONEY MOUSE,CAMILAN,RNTNG,16125.0,17500.0
10513,GOVINDA,CAMILAN,SAK,65000.0,66000.0
105130,NUTRISARI CAMPUR,RASA RASA,RNTNG,12425.09,13000.0
10514,MANNA 5KG,BERAS,SAK,70000.0,76000.0
10515,MANNA 10KG,CAMILAN,SAK,142000.0,151000.0
105150,DOROKU BIHUN,MIE,PCS,5333.33,6500.0
105151,KOSONG,NOL,RNTNG,4062.5,4500.0
105153,CIPTADENT FRESH MINT 225G,SBN,PCS,10500.0,12500.0
105154,BETTER CARAMEL,CAMILAN,PCS,1411.36,2000.0
105155,PARFUM ROLL,SBN,PCS,10000.0,12000.0
10516,REAL GOOD COKLAT 1000,SUSU,PCS,916.67,1250.0
10517,REAL GOOD STRBRY 1000,SUSU,PCS,916.67,124999.5
10518,AHH KEJU,NABATI,PAK,7933.33,8500.0
105180,SEDAP CUP NAMPOL,SEDAP,PCS,4083.33,4500.0
10519,GREEN SOFT,SBN,PCS,6450.0,7000.0
105192,BONTEH MATCHA,KP,RNTNG,18937.5,20000.0
1052,kosong,NOL,PCS,4083.33,4500.0
10520,YUPI BURGER,PERMEN,PAK,10100.0,11000.0
10521,ROKOK A SATU BOLD,ROKOK,PCS,26100.0,27500.0
10522,SEDAP CUP BAKSO BLEDUK,SEDAP,PCS,4083.33,4500.0
10523,MINYAK KN 2 Lt,MINYAK,PCS,40500.0,42500.0
10524,CHOCOLATOS VANILA 1.000,CAMILAN,PCS,815.62,978.75
10525,KOSONG,NOL,RNTNG,16125.0,17500.0
10526,TEH LEMON MADU,MINUMAN,PCS,2041.67,3000.0
10527,MILKU ORIGINAL,SUSU,PCS,2666.67,3500.0
10528,MILKU MARIE BISKUIT,SUSU,PCS,2791.67,3664.06
10529,MADU TJ,MINUMAN,PCS,708.33,1000.0
1053,SEDAP CUP BAKSO,SEDAP,PCS,4083.33,4642.11
10530,PULPY,MINUMAN,PCS,4358.33,6000.0
10531,DELMONTE SASHET TOMAT,SAOS,PCS,4508.33,5000.0
10532,DELMONTE SASHET PEDAS,SAOS,PCS,5304.88,6000.0
10533,DELMONTE BBQ 250G,SAOS,PCS,7583.33,8000.0
10534,MAESTRO MAYO 180G,CAMILAN,PCS,7294.0,8500.0
10535,MAESTRO MAYO 1KG,CAMILAN,PCS,18559.0,20000.0
10536,CHOCOLATOS KEJU 1.000,CAMILAN,PCS,828.12,1000.0
10537,CHOCOLATOS DARK 1.000,CAMILAN,PCS,828.12,828.12
10538,PROTEX DAUN SIRIH8+2,PEMBALUT,PCS,5666.67,6500.0
10539,OKKY J CANDI,MINUMAN,PCS,389.58,500.0
1054,SEDAP CUP GORENG,SEDAP,PCS,4291.67,4750.0
10540,DJARUM SUPER KRETEK,OBAT,PCS,16150.0,17000.0
10541,PINO ICE CUP,MINUMAN,PAK,4611.11,5500.0
10542,MINYAK KN 4.5L,MINYAK,PCS,93500.0,96000.0
10543,MINYAK MASKU,MINYAK,PCS,40000.0,42000.0
10544,YUPI MIX,PERMEN,PAK,10041.67,10500.0
10545,ALAMO BESAR DINGIN,MINUMAN,PCS,2708.33,4500.0
10546,kosong,NOL,RNTNG,16475.0,16475.0
10547,NAYS SNACK,CAMILAN,PCS,1600.0,2000.0
10548,OREO SOFT CAKE,CAMILAN,PCS,1673.61,2000.0
10549,NABATI SIP BILE JAGUNG,NABATI,PCS,1566.67,2000.0
1055,KAKI TIGA KALENG DWSA,MINUMAN,PCS,5166.67,6500.0
10550,BERAS 55 10KG,BERAS,KG,154000.0,156000.0
10551,CHOCOLATOS COKLAT 1.000,CAMILAN,PCS,828.12,1000.0
10552,SHAMPO REJOICE,SHAMPO,RNTNG,9000.0,9500.0
10553,KOSONG,NOL,RNTNG,4208.33,5000.0
10554,CIPTADENT COOL MINT 225G,SBN,PCS,10500.0,12500.0
10555,MAIZENAKU 100G,CAMILAN,PCS,4500.0,5000.0
10556,MEIZENAKU 150G,CAMILAN,PCS,5500.0,6000.0
10557,PARFUM B,SBN,PCS,22500.0,25000.0
10558,BISKUIT FILIPE,CAMILAN,PCS,741.67,1000.0
10559,FORTUNE,MINYAK,PCS,40500.0,42000.0
1056,DILAN  SANWDWICH,CAMILAN,PCS,850.0,1000.0
10560,BISKUIT SPECIAL BUTTER,CAMILAN,PCS,741.67,1000.0
105604,RW BENZOAT,KUE,PCS,1265.0,2000.0
10561,RENNGINANG TERASI 1KG,CAMILAN,PCS,28000.0,30000.0
10562,ROTI TAWAR,ROTI,PCS,12000.0,13000.0
10563,ROTI GREMBALL,ROTI,PCS,11000.0,12000.0
10564,ROTI DELICIOS JUMBO,ROTI,PCS,14000.0,15000.0
10565,RW OV,KUE,PCS,2750.0,3000.0
10566,RW SP,KUE,PCS,2750.0,3000.0
10567,ROTI BALOK COKLAT,ROTI,PCS,12000.0,13000.0
10570,KOSONG,NOL,PCS,4895.83,6000.0
10571,KAKI TIGA ANAK BTL,MINUMAN,PCS,3166.67,3500.0
1058,SPRITE MINI,SODA,PCS,2416.67,2700.0
10580,TAMARIN,PERMEN,PAK,6250.0,7500.0
10583,BERAS ZAKAT 3KG,BERAS,PCS,42600.0,43500.0
1059,BERAS C,BERAS,KG,10500.0,12500.0
10590,DELBIS  BUTTER,CAMILAN,PCS,708.33,1000.0
10591,DELBIS FILIPE,CAMILAN,PCS,708.33,1000.0
10592,WIPOL 390ML,SBN,PCS,8500.0,9000.0
10593,MICIN MOBILE,BUMBU,PCS,9500.0,10000.0
10594,SWETTY L,PAMPES,RNTNG,8675.0,9500.0
10595,RW PEMUTIH,KUE,PCS,1770.0,2500.0
10596,SRIGUNTING MERAH,AGAR AGAR,PCS,1979.17,2500.0
10597,CLING 400ML,SBN,PCS,3102.92,4000.0
10598,BOLA MAS isi 44,MIE,PAK,34500.0,36000.0
10599,KACANG ASIN 1KG,CAMILAN,PCS,45000.0,47000.0
106,ALE ALE,MINUMAN,PCS,760.42,1000.0
1060,KOSONG,NOL,PCS,4166.67,4500.0
10600,RW PEWARNA HIJAU TUA,KUE,PCS,2000.0,2500.0
10601,SUPER SOL,SBN,PCS,760.42,1000.0
10602,RW PEWARNA HIJAU PANDAN,KUE,PCS,2000.0,2000.0
10603,RW PEWARNA COKLAT,KUE,PCS,2000.0,2500.0
10604,RW PEWARNA MERAH,KUE,PCS,2000.0,2500.0
10605,RW BAKING POWDER,KUE,PCS,810.0,1000.0
10607,SABUT CUCI PIRING,SBN,PCS,1291.67,2000.0
10608,BURUNG DARA PIPIH,MIE,PCS,2833.33,3000.0
10609,BURUNG DARA LEBAR,MIE,PCS,4300.0,4750.0
1061,KOSONG,NOL,PCS,0.0,0.0
10610,KOPI JAHE,KOPI,RNTNG,15333.33,16000.0
10611,KAYU MANIS,REMPAH,ONS,8500.0,10000.0
10612,KAYU MANIS,REMPAH,KG,75000.0,85000.0
10613,NIVEA,SBN,PCS,1500.0,2000.0
10614,MICKY MOUSE 500,CAMILAN,RNTNG,4000.0,4500.0
10615,RW SODA,KUE,PCS,750.0,1000.0
10616,NORI KING ORIGINAL,CAMILAN,PCS,1683.33,2000.0
10617,RW PEWARNA ORANGE,KUE,PCS,2000.0,2500.0
10618,RW PEWARNA UNGU,KUE,PCS,2000.0,2500.0
10619,RW PEWARNA BIRU,KUE,PCS,2000.0,2500.0
1062,KOSONG,NOL,PCS,0.0,0.0
10620,RW PEWARNA KUNING TELUR,KUE,PCS,2000.0,2500.0
10621,RW PEWARNA KUNING TUA,KUE,PCS,2000.0,2500.0
10622,NABATI COKLAT 5.000,NABATI,PCS,3783.33,4500.0
10623,TEPUNG SAJIKU,TEPUNG,RNTNG,15500.0,16000.0
10624,MY BABY TELON,OBAT,PCS,10125.0,10000.0
10625,SO FRESH,OBAT,PCS,11083.33,15000.0
10627,MY BABY 450G,OBAT,PCS,16000.0,20000.0
10629,MISAGRIP FLU BATUK,OBAT,PCS,825.0,1000.0
1063,SPONGE STRAWBERY 1.000,CAMILAN,RNTNG,8125.0,9000.0
10630,PROMAG,OBAT,PCS,750.0,1000.0
10631,KONIDIN BATUK,OBAT,PCS,551.47,1000.0
10632,OSKADON SAKIT KEPALA,OBAT,PCS,450.0,1000.0
10633,KOMIX JAHE,OBAT,PCS,1566.67,2000.0
10634,KOMIX JERUK NIPIS,OBAT,PCS,1566.67,2000.0
10635,DIAPET,OBAT,PCS,583.33,1000.0
10636,BODREX MIGRA,OBAT,PCS,575.0,1000.0
10637,KAPUR AJAIB,OBAT,PCS,2722.22,3500.0
10638,NEO NAPACIN,OBAT,PCS,576.92,1000.0
10639,BODREXIN,OBAT,PCS,361.11,500.0
1064,MAKARONI BONCABE LV10,CAMILAN,RNTNG,15083.33,16000.0
10640,ENTROSTOP,OBAT,PCS,775.0,1000.0
10641,ROKOK DUNHIL,ROKOK,PAK,29200.0,31000.0
10642,MALKIST MATCHA,CAMILAN,PAK,8500.0,9000.0
10643,TIARA 500,CAMILAN,RNTNG,4100.0,4500.0
10645,RENGGINANG IKAN,CAMILAN,KG,38000.0,40000.0
1065,MAKARONI BONCABE LV 15,CAMILAN,RNTNG,15083.33,17000.0
10650,SOKLIN LIQUID 1.000,SBN,RNTNG,8650.0,9000.0
1066,POP CRORN,CAMILAN,RNTNG,1684.0,2000.0
10668,PARAMEX,OBAT,PCS,551.47,1000.0
10669,NORMODAL,OBAT,PCS,750.0,1000.0
1067,OREO 2.000,CAMILAN,PCS,1701.39,2000.0
10670,OSKADON SP,OBAT,PCS,410.0,1000.0
10671,ULTRA FLU,OBAT,PCS,820.0,1000.0
10672,MISAGRIP FLU,OBAT,PCS,750.0,1000.0
10673,GOSOK PANCI,SBN,PCS,1125.0,1500.0
10674,PERMEN KOPI SUSU,PERMEN,PAK,6000.0,7000.0
10675,PILUS RENDANG,CAMILAN,RNTNG,8333.33,9000.0
10676,FINTO MELON,RASA RASA,RNTNG,3291.67,3500.0
10677,PERMEN COFFEY CANDY,PERMEN,PAK,6000.0,7000.0
10678,PAPA BEAR,ROTI,PCS,816.67,9000.0
10679,PERMEN MODI KWEK-KWEK,PERMEN,PCS,825.0,1000.0
1068,BETTER COKLAT,CAMILAN,PCS,1454.55,2000.0
10680,PERMEN BERRY SWEET,PERMEN,PCS,408.38,500.0
10681,PICOCO COKELAT,CAMILAN,PCS,830.0,1000.0
10682,PERMEN MILPOP MANGGA,PERMEN,PCS,415.0,500.0
10683,SPICY STRIPE KUCING,CAMILAN,PCS,807.5,1000.0
10684,DALEZZ CHOCO PIE,CAMILAN,PCS,1697.5,1940.0
10685,DALEZ ROTI MINI RS YOUGURT,ROTI,PAK,8400.0,9600.0
10686,SPONGE STRAWBERY 2000,CAMILAN,RNTNG,15833.33,17000.0
10687,GULA AREN,BUMBU,IKAT,6500.0,7500.0
10688,CEMILAN PEDAS,CAMILAN,PCS,800.0,2000.0
10689,RAMBAK KOTAK,KRUPUK,PAK,41000.0,45000.0
1069,MILKO,CAMILAN,PCS,1600.0,2000.0
10690,SOSIS SONICE PEDAS,SOSIS,PAK,18250.0,19500.0
10691,SAMILOR,KRUPUK,PCS,750.0,1000.0
10692,KRUPUK BINTANG,KRUPUK,KG,17200.0,19000.0
10693,KRUPUK CUMI PUTIH,KRUPUK,KG,18600.0,20000.0
10694,ROLLS KEJU,NABATI,PAK,9500.0,10500.0
10695,JORDAN MISIS  ISI 5,ROTI,PCS,9000.0,10000.0
10696,TOKORASA,CAMILAN,PAK,7800.0,8500.0
10697,SENAK LOG,CAMILAN,PCS,1620.0,2000.0
10698,SEDAP CUP KARE,SEDAP,PCS,4083.33,4500.0
10699,POTATO 1KG,KRUPUK,PCS,25400.0,27000.0
107,POWER F KUNING,MINUMAN,PCS,712.5,1000.0
10700,SEGITIGA 1/2,TEPUNG,PCS,5750.0,6000.0
10701,ULTRA COKLAT 200ML,SUSU,PCS,4666.67,5500.0
10702,CUKA ALPACA,BUMBU,PCS,2790.0,3500.0
1071,NABATI SIP COKLAT BILE,NABATI,PCS,1566.67,2000.0
1072,HAHAMIE,CAMILAN,PCS,770.0,1000.0
1073,OYEN,CAMILAN,PCS,1575.0,2000.0
1074,ROBLOX,CAMILAN,PCS,1575.0,2000.0
1075,ZAFIRA 900ML BTL,MINYAK,PCS,16333.33,20000.0
1076,NORI KING PEDAS,CAMILAN,PCS,1551.83,2000.0
1077,NORI ROLL ORIGINAL,CAMILAN,PCS,1531.68,1938.12
1078,NORI ROLL BBQ,CAMILAN,PCS,1531.68,1615.1
10781,KEPOMPOPONG 3KG,BERAS,PCS,44400.0,46000.0
1079,NORI SAMBAL MATAH,CAMILAN,PCS,1531.68,1615.1
108,POWER F UNGU,MINUMAN,PCS,712.5,1000.0
1080,MIE LIDI,CAMILAN,PCS,755.0,1000.0
1081,BOLA,CAMILAN,PCS,875.0,1000.0
1082,LEZATO,CAMILAN,PCS,808.33,1000.0
1083,NYAM NYAM,CAMILAN,PCS,1510.42,2000.0
1084,PUTRA BALI,CAMILAN,PCS,390.0,500.0
1085,LEM G,OBAT,KG,3750.0,5000.0
1086,MARSHMALLOW DORAEMON,PERMEN,PCS,400.12,500.0
1087,BABOL,PERMEN,PAK,10200.0,11000.0
1088,GOLDEN CHIP,CAMILAN,PCS,850.0,1000.0
1089,BISKITOP SAPI COKLAT,CAMILAN,PCS,1700.0,2000.0
109,KRATINGDAENG,MINUMAN,PCS,4759.0,5219.3
1090,BISKITOP SAPI STROBERY,CAMILAN,PCS,1700.0,2000.0
10904,RACIK NASI GOREK EXTRA PDS,BUMBU,PCS,1586.0,2000.0
10905,VAPE TANPA ASAP,OBAT,PCS,4250.0,5000.0
1091,HOT POP,PERMEN,PCS,137.48,500.0
1092,BERAS JAGUNG 1/2,BERAS,KG,4250.0,5000.0
1093,GERY  BANTAL,CAMILAN,PAK,8166.67,9000.0
1094,JAPOTA,CAMILAN,PCS,1639.77,2086.66
1095,TELUR 1/4,CAMILAN,KG,5500.0,6000.0
1096,BEDAK VIVA,OBAT,PCS,1114.58,1500.0
1097,EKONOMI LIQUID NANAS,SBN,PCS,3000.0,3500.0
1098,ASTOR,CAMILAN,PCS,779.76,1000.0
1099,YUPI STROBERY,PERMEN,PCS,7537.5,8500.0
10990,ROTI AM,ROTI,PCS,2600.0,3000.0
10991,CIPTADENT 190g,SBN,PCS,9360.0,10000.0
10998,KODOMO SHAMPO BTL 200ML,SHAMPO,PCS,11500.0,12000.0
10999,ULTRA STROBERY 200 ML,SUSU,PCS,4666.67,6000.0
11000,ULTRA CREAM 200 ML,SUSU,PCS,4666.67,6000.0
11001,SPONGEBOB,CAMILAN,PAK,16000.0,17000.0
1104,CRUNCHY,CAMILAN,RNTNG,17000.0,18000.0
1105,ROTI SISIR,ROTI,PCS,1800.0,2500.0
1106,ROTI KERING,ROTI,PCS,850.0,1000.0
111,YOU C1000 ORANGE,MINUMAN,PCS,5033.33,6000.0
11102,MAZONI BALADO,CAMILAN,PCS,4200.0,4500.0
11103,MAZONI JAGUNG BAKAR,CAMILAN,PCS,4200.0,4500.0
11104,SALSA TINGWE,CAMILAN,RNTNG,4268.75,4500.0
11105,CHOYO CHOYO CELUP,CAMILAN,PCS,1250.0,2000.0
11106,LEMONILO BRONIS,CAMILAN,RNTNG,16666.67,17500.0
111121,PASTA KEJU,NABATI,PAK,12302.78,13500.0
11113,MUTIARA BESAR,BUMBU,KG,22500.0,24000.0
11115,ULTRA MILK 125ML CKLT,SUSU,PCS,2925.0,3500.0
11116,ULTRA MILK 125 ML CREAM,SUSU,PCS,2925.0,3500.0
11117,ULTRA MILK 125ML  STBRY,SUSU,PCS,2925.0,3500.0
11118,MOUNTEA MATCHA,MINUMAN,RNTNG,18500.0,19500.0
11119,DILAM PANDAN,CAMILAN,PAK,19400.0,21000.0
1112,KAPAS,SBN,PCS,4895.0,5500.0
11120,GERY SALUT WAFER,CAMILAN,PCS,425.0,500.0
11121,MIE PITA,SEDAP,PAK,5200.0,6000.0
11122,PROTEX PINK,PEMBALUT,PCS,4375.0,4500.0
11123,TESPACK,OBAT,PCS,800.0,1500.0
11124,ANTIMO ANAK,OBAT,PCS,2300.0,3000.0
11125,AHH COKLAT,NABATI,PAK,7933.33,8500.0
11126,MOUNTEA GELAS,MINUMAN,DUS,19000.0,20000.0
11127,PIA 100 KACANG IJO,ROTI,PAK,7600.0,8500.0
11128,PIA 100 COKLAT,ROTI,PAK,7600.0,8500.0
11129,SARIMI GELAS BAKSO PDS,INDOMIE,RNTNG,8041.67,8500.0
1113,KRUPUK PEDAS MAWAR,KRUPUK,PCS,5500.0,6000.0
11130,BULOG,BERAS,KG,10500.0,11000.0
11131,PROTEX UNGU 23CM,PEMBALUT,RNTNG,4583.33,5000.0
11132,GARNIER,SBN,PCS,4583.33,5500.0
11133,KRUPUK GUNTING IKAN,KRUPUK,PCS,8000.0,9000.0
11134,ALPENLIEBE,PERMEN,PAK,6500.0,7000.0
11135,PASTA COKLAT,NABATI,PAK,12302.78,13500.0
11136,HILO,MINUMAN,RNTNG,18875.0,19500.0
11137,SOSIS OKEY,SOSIS,PAK,12200.0,13500.0
11138,SPONGE COKLAT 1.000,CAMILAN,RNTNG,8125.0,9000.0
11139,RINSO REFIL 700ML,SBN,PCS,12900.0,14500.0
1114,MINYAK WIJEN,MINYAK,PCS,8000.0,9000.0
11140,PAALA 1KG,REMPAH,KG,85000.0,100000.0
11141,FRANFROZEN,KUE,PCS,4200.0,5000.0
11142,SEDAP CUP SINGAPORE,SEDAP,PCS,4083.33,4500.0
11143,NUTRIJEL MANGGA,AGAR AGAR,PCS,1666.67,2000.0
11148,ROKOK MAGNUM KRETEK,ROKOK,PAK,13200.0,14500.0
112,GOLDA CAPPUCINO,MINUMAN,PCS,2795.83,3500.0
113,GOLDA COFFE,MINUMAN,PCS,2770.83,3500.0
115,FLORIDINA ORANGE,MINUMAN,PCS,2395.83,3000.0
117,FLORIDINA COCO,MINUMAN,PCS,2354.17,2700.0
118,INDOMILK KIDS COKLAT,SUSU,PCS,2512.5,2904.62
119,INDOMILK KIDS  STROBERY,SUSU,PCS,2512.5,2904.62
120,INDOMILK KIDS BTL STRBRY,SUSU,PCS,3291.67,4500.0
121,INDOMILK KIDS BTL COKLAT,SUSU,PCS,3291.67,4500.0
122,BEAR BRAND 189ML,SUSU,PCS,9300.0,9858.66
123,AQUVIVA 700ML,MINUMAN,PCS,1583.33,2000.0
124,TEH PUCUK HARUM,MINUMAN,PCS,2500.0,3684.21
125,MILKU STROBERY,SUSU,PCS,2708.33,2912.0
126,MILKU COKLAT,SUSU,PCS,2708.33,3554.69
127,BIHUN PADAMU ORANGE,MIE,PCS,4973.33,5750.0
128,BIHUN PADAMU KUNING,MIE,PCS,3083.33,3750.0
129,BIHUN PADAMU  MERAH,MIE,PCS,6166.67,7250.0
130,INDOMILK CREAM SACHET,SUSU,PCS,7137.5,7500.0
131,CUKA KURA KURA,BUMBU,PCS,2300.0,3000.0
133,HUN KWEE MERAH,KUE,PCS,2300.0,2500.0
13338,WIZZ,SBN,PAK,9416.67,10000.0
134,HUN KWEE HIJAU,KUE,PCS,2300.0,2500.0
135,HUNKWEE PUTIH,KUE,PCS,1810.0,1810.0
136,TEH 999,MINUMAN,PCS,1670.0,2000.0
138,MEZENA,KUE,PCS,3250.0,3500.0
139,MUTIARA KUCING ECER,BUMBU,PCS,2140.0,2500.0
140,KOSONG,NOL,PAK,21200.0,23000.0
141,LILIN POPULER,PENERANGAN,PCS,1093.75,1500.0
142,KOSONG,NOL,PAK,8750.0,10000.0
143,GULA,KUE,KG,15200.0,16000.0
144,BERAS B,BERAS,KG,13600.0,13800.0
145,KRUPUK BAWANG PUTIH VDR,KRUPUK,KG,18200.0,20000.0
146,KRUPUK BAWANG WARNA VDR,KRUPUK,KG,18200.0,20000.0
147,KRUPUK TERASI VDR,KRUPUK,KG,16000.0,17500.0
148,KRUPUK TANGGUNG VDR,KRUPUK,KG,15600.0,16500.0
149,KRUPUK KELIR VDR,KRUPUK,KG,15800.0,18230.77
150,ZINK CAMPUR,SHAMPO,PCS,4166.67,5000.0
151,kosong,NOL,PCS,4238.1,4750.0
152,kosong,NOL,PCS,4238.1,5000.0
154,kosong,NOL,PCS,4238.1,5000.0
1546,GOOD TIME 1000,CAMILAN,PCS,841.67,1000.0
155,kosong,NOL,PCS,4238.1,5000.0
156,kosong,NOL,PCS,4450.0,5000.0
157,kosong,NOL,PCS,4238.1,5000.0
158,kosong,NOL,PCS,4450.0,5000.0
159,kosong,NOL,PCS,4450.0,5000.0
160,kosong,NOL,PCS,4450.0,4784.95
161,KONJAC ANGGUR,AGAR AGAR,PCS,1625.0,1850.0
163,KONJAC KELAPA MUDA,AGAR AGAR,PCS,1625.0,1850.0
165,KONJAC LECI,AGAR AGAR,PCS,1625.0,1850.0
167,KONJAC MELON,AGAR AGAR,PCS,1625.0,1750.0
1670,DAIA 1.5KG,SBN,PCS,26000.0,27500.0
169,KONJAC JERUK,AGAR AGAR,PCS,1625.0,1750.0
171,KONJAC MANGGA,AGAR AGAR,PCS,1625.0,1750.0
173,KONJAC SIRSAT,AGAR AGAR,PCS,1625.0,1850.0
174,KONJAC STROBERY,AGAR AGAR,PCS,1625.0,1850.0
175,KOREK TOKAI,OBAT,PCS,1750.0,2000.0
176,kosong,NOL,PCS,4000.0,4500.0
177,RINSO 5.000,SBN,PCS,3888.89,4500.0
178,REXONA MEN,OBAT,PCS,1805.56,2500.0
179,KOSONG,NOL,PCS,1840.0,2500.0
180,REXONA WOMAN,OBAT,PCS,1805.56,2500.0
181,KOSONG,NOL,PCS,1840.0,2500.0
182,SABUN SRIKANDI,SBN,PCS,5000.0,5500.0
183,SARIWANGI RENTENG,MINUMAN,PCS,4687.5,5000.0
185,INDOMILK SKM ORIGINAL KALENG 370G,SUSU,PCS,10729.17,11500.0
186,NESTLE CAP NONA SKM 365G ORIGINAL,SUSU,PCS,11770.83,12500.0
187,BENDERA FF SKM SC CREMMY,SUSU,RNTNG,7300.0,8000.0
188,BENDERA FF SKM SC COKLAT,SUSU,PCS,7300.0,8000.0
189,MAGIC LEZAT RENTENG,BUMBU,PCS,4212.12,4500.0
190,kosong,NOL,PCS,3908.33,4500.0
191,kosong,NOL,PCS,3908.33,4500.0
192,MAMY POKO M RTNG,PAMPES,RNTNG,16500.0,17500.0
193,kosong,NOL,PCS,4375.0,4750.0
194,kosong,NOL,PCS,4375.0,4750.0
195,kosong,NOL,PCS,4375.0,4750.0
196,kosong,NOL,PCS,4375.0,4750.0
197,kosong,NOL,PCS,4375.0,4750.0
198,DAIA PK 1.000,SBN,PCS,4375.0,4750.0
199,INDOMIE GORENG,INDOMIE,PCS,2850.0,3000.0
200,INDOMIE  GEPREK,INDOMIE,PCS,2850.0,3000.0
201,INDOMIE ACEH,INDOMIE,PCS,2850.0,3000.0
202,INDOMIE RENDANG,INDOMIE,PCS,2850.0,3100.0
20221,NUVO CAIR KECIL,SBN,PCS,2020.83,2632.66
20226,KECAP SEDAP BTL 135ML,KECAP,PCS,7720.0,8500.0
20227,SUS COKLAT,CAMILAN,PCS,1650.0,2000.0
203,INTERMIE GORENG,INDOMIE,PCS,1275.0,1500.0
204,POP MIE KARI AYAM,INDOMIE,PCS,4166.67,4500.0
205,POP MIE AYAM,INDOMIE,PCS,4166.67,4500.0
206,POP MIE BASO,INDOMIE,PCS,4166.67,4500.0
207,POP MIE AYAM BAWANG,INDOMIE,PCS,4166.67,4166.67
208,POP MIE SOTO AYAM,INDOMIE,PCS,4166.67,4500.0
209,POP MIE GORENG,INDOMIE,PCS,4333.33,4750.0
210,POP MIE GORENG MINI,INDOMIE,PCS,2791.67,3000.0
21015,TELUR 1/2,CAMILAN,KG,10250.0,12000.0
211,ROYCO AYAM RNTG,BUMBU,RNTNG,4375.0,4750.0
212,ROYCO SAPI RNTG,BUMBU,RNTNG,4375.0,4750.0
213,ATTACK JAZ 1 53G,SBN,PCS,4416.67,5000.0
214,kosong,NOL,PCS,4550.0,5000.0
215,LIQUID JUMBO 1.000,SBN,PCS,4550.0,5000.0
216,KOSONG,NOL,PCS,4550.0,5000.0
217,kosong,NOL,PCS,4550.0,5000.0
218,kosong,NOL,PCS,4550.0,5000.0
219,DAIA 5.000,SBN,PCS,3908.33,4500.0
220,kosong,NOL,PCS,3908.33,4500.0
221,kosong,NOL,PCS,3908.33,4500.0
222,kosong,NOL,PCS,3895.83,4500.0
223,kosong,NOL,PCS,3895.83,4500.0
224,kosong,NOL,PCS,3895.83,4500.0
225,BEDAK MY BABY 90G,SBN,PCS,8250.0,9500.0
226,kosong,NOL,PCS,3895.83,4500.0
227,SOKLIN 5.000,SBN,PCS,4145.83,4441.96
228,SOKLIN ANTISEP 5.000,TISU,PCS,3895.83,4500.0
229,KOSONG,NOL,PCS,3908.33,4500.0
230,KAKI TIGA 200ML,MINUMAN,PCS,2864.58,3200.0
231,KAKI TIGA 500ML,MINUMAN,PCS,6020.83,7000.0
232,MINYAK RIZKI 800ml,MINYAK,PCS,15716.67,17000.0
233,SOKLIN LANTAI 1.000,SBN,PCS,802.08,850.0
234,KOSONG,NOL,PCS,770.83,850.0
235,KOSONG,NOL,PCS,770.83,850.0
236,kosong,NOL,PCS,1616.67,1800.0
237,KOSONG,NOL,PCS,1616.67,1800.0
238,KOSONG,NOL,PCS,1616.67,2000.0
239,EKONOMI 2.000,SBN,PCS,1616.67,1800.0
240,KOSONG,NOL,PCS,1616.67,1800.0
241,EKONOMI 1000,SBN,PCS,766.67,850.0
242,KOSONG,NOL,PCS,4991.67,6000.0
243,INDOMILK COKLAT SACHET,SUSU,PCS,7210.0,7500.0
244,kosong,NOL,KG,12500.0,14500.0
245,kosong,NOL,PCS,7916.67,9000.0
246,kosong,NOL,PCS,7916.67,9000.0
247,DAIA 10.000,SBN,PCS,7916.67,9000.0
248,SUKSES ISI 2 KARI AYAM,SEDAP,PCS,3291.67,3500.0
249,SUKSES ISI 2 AYAM  GEPREK,SEDAP,PCS,3437.5,3750.0
250,SUKSES ISI 2 ACEH,SEDAP,PCS,3437.5,3750.0
251,SUKSES ISI 2 AYAM KECAP,SEDAP,PCS,3470.83,3750.0
252,SUKSES ISI  AYAM KREMES,SEDAP,PCS,3470.83,3650.0
253,SUKSES ISI 2  RENDANG,SEDAP,PCS,3437.5,3650.0
254,SUKSES ISI 2 AYAM BAWANG,SEDAP,PCS,3270.83,3500.0
255,SUKSES ISI 2 SOTO,SEDAP,PCS,3291.67,3577.36
256,RACIK MARINASI 1.000,BUMBU,PCS,900.0,1000.0
257,RACIK NASI GORENG,BUMBU,PCS,1565.0,2000.0
258,kosong,NOL,PCS,1568.0,2000.0
259,RACIK AYAM GORENG,BUMBU,PCS,1565.0,2000.0
260,RACIK IKAN GORENG,BUMBU,PCS,1568.0,2000.0
261,SATELIT AGAR AGAR HIJAU,AGAR AGAR,PCS,3612.5,4000.0
262,SATELIT AGAR AGAR PUTIH,AGAR AGAR,PCS,3625.0,4000.0
263,SATELIT AGAR AGAR MERAH,AGAR AGAR,PCS,3625.0,4000.0
264,GENTLE GEN  parisienne garden 10.000,SBN,PCS,8666.67,9500.0
265,SEDAP BUMBU KALDU SAPI,BUMBU,RNTNG,4248.03,4750.0
266,SEDAP BUMBU KALDU AYAM,BUMBU,RNTNG,4250.0,5002.32
267,kosong,NOL,PCS,4236.11,4500.0
268,kosong,NOL,PCS,4236.11,4500.0
269,kosong,NOL,PCS,4236.11,4500.0
270,kosong,NOL,PCS,4236.11,4500.0
271,SHINZUI,SBN,PCS,4236.11,4500.0
272,KOSONG,NOL,PCS,3843.75,4000.0
273,SABUN LIFEBUOY,SBN,PCS,3843.75,4000.0
274,KOSONG,NOL,PCS,3843.75,4000.0
275,KOSONG,NOL,PCS,3843.75,4000.0
276,KOSONG,NOL,PCS,2638.89,2850.0
277,KOSONG,NOL,PCS,2638.89,2850.0
278,KOSONG,NOL,PCS,2638.89,2850.0
279,NUVO BATANG,SBN,PCS,2638.89,2850.0
280,kosong,NOL,PCS,2118.06,2300.0
281,kosong,NOL,PCS,2013.89,2300.0
282,SUNLIGHT JERUK NIPIS 5.000,SBN,PCS,3937.5,4500.0
283,SUNLIGHT CAIR 2.000,SBN,PCS,1500.0,1750.0
289,KECAP BANGO 265G 10.000,KECAP,PCS,9000.0,9500.0
290,KECAP BANGO RENTENG,KECAP,RNTNG,9166.67,10000.0
291,SAJIKU NASI GORENG  SUPER PEDAS 20G,SBN,PCS,1700.0,2000.0
292,SARIWANGI KOTAK,BUMBU,PCS,5312.5,6000.0
293,KECAP SEDAP HITAM,KECAP,PCS,1477.24,2000.0
294,JOLLY FSP 250S,TISU,PCS,7000.0,8000.0
295,NICE 360,TISU,PCS,5800.0,7000.0
296,PASEO SMART 500+40s,TISU,PCS,9437.5,10000.0
297,MINYAK KN 900ML,MINYAK,PCS,15333.33,16000.0
298,MAMASUKA KUAH BAKSO,BUMBU,PCS,3666.67,4500.0
299,SAOS INDOSARI,SAOS,PCS,1950.0,2228.57
300,SAORI TIRAM BTL 133ML,SAOS,PCS,9041.67,10000.0
301,TEH GELAS 180ML,MINUMAN,PCS,708.33,1000.0
302,POWER F MERAH,MINUMAN,PCS,712.5,1000.0
303,SAYANG LIQUID HIJAB LAVENDER,SBN,PCS,9222.22,10000.0
304,kosong,NOL,PCS,7687.5,8500.0
305,kosong,NOL,PCS,7687.5,8500.0
306,VAPE JUMBO,OBAT,PCS,3766.67,4000.0
307,TEPUNG PANIR,TEPUNG,KG,13000.0,15000.0
309,SOLASI BENING BESAR,OBAT,PCS,7083.33,8500.0
310,DOWNY 500,SBN,PCS,4321.67,5000.0
311,KOSONG,NOL,PCS,4475.0,5000.0
312,KOSONG,NOL,PCS,4475.0,5000.0
313,KOSONG,NOL,PCS,4321.67,5000.0
314,KOSONG,NOL,PCS,4475.0,5000.0
315,KOSONG,NOL,PCS,4475.0,5000.0
316,KOSONG,NOL,PCS,4475.0,5000.0
317,DOWNY 1.000,SBN,PCS,5275.0,5500.0
318,KOSONG,NOL,PCS,4571.67,5000.0
319,SHAMPO HEAD& SHOLDERS,SHAMPO,RNTNG,8959.52,9500.0
320,KOSONG,NOL,PCS,8959.52,9500.0
321,KOSONG,NOL,PCS,8959.52,9500.0
322,KOSONG,NOL,PCS,9052.14,9500.0
323,SHAMPO PANTINE,SHAMPO,RNTNG,8957.14,9523.81
324,KOSONG,NOL,PCS,8957.14,9523.81
325,KOSONG,NOL,PCS,9052.14,9500.0
326,KONDIS PANTINE 500,SBN,PCS,4752.38,5000.0
327,KOSONG,NOL,PCS,4752.38,5000.0
328,TIGA SAPI KALENG,SUSU,PCS,11937.5,13000.0
329,TOP PLUS GULA,KOPI,RNTNG,7791.67,8500.0
330,TOP WHITE COFFE,KOPI,RNTNG,12850.0,13500.0
331,TOP GULA AREN,KOPI,RNTNG,16000.0,17000.0
332,MAMA LEMON 2000,SBN,PCS,1475.0,2041.3
333,MAMA LEMON 1000,SBN,PCS,775.0,1000.0
334,MON MON 5KG,BERAS,SAK,77000.0,79000.0
335,MON MON 10KG,BERAS,SAK,153000.0,155000.0
336,NAGA 5KG,BERAS,KG,13800.0,14111.28
337,NAGA 10KG,BERAS,KG,13900.0,14100.0
338,kosong,NOL,PCS,5225.0,5750.0
339,kosong,NOL,PCS,9800.0,9500.0
340,kosong,NOL,PCS,9800.0,9500.0
341,kosong,NOL,PCS,9800.0,9500.0
342,kosong,NOL,PCS,9800.0,9500.0
343,kosong,NOL,PCS,9800.0,9500.0
344,KECAP KIPAS SATE 600ML,KECAP,PCS,17654.17,18500.0
345,KORAN,KUE,KG,12500.0,14000.0
346,ZAFIRA 5L,MINYAK,PCS,106000.0,108000.0
347,ZAFIRA 1800ML,MINYAK,PCS,36000.0,37000.0
348,ZAFIRA 900ML,MINYAK,PCS,17833.33,18500.0
349,SOKLIN PEWANGI EXOTIC PURPLE 780ML,SBN,PCS,8500.0,9500.0
350,SOKLIN PEWANGI ROMATIC PINK,SBN,PCS,8500.0,9500.0
351,SOKLIN PEWANGI BLUE 780ML,SBN,PCS,8500.0,9500.0
352,MINYAK CAMAR 2L,MINYAK,PCS,37000.0,37500.0
353,MAMA LEMON 680ml,SBN,PCS,8000.0,9000.0
354,SULTAN 5KG,BERAS,KG,15400.0,14900.0
355,SULTAN 10KG,BERAS,KG,15200.0,15400.0
356,SULTAN 25KG,BERAS,KG,15000.0,15500.0
358,TELUR,BUMBU,KG,21500.0,22000.0
359,KOSONG,NOL,PCS,4375.0,5000.0
360,KOSONG,NOL,PCS,4375.0,5000.0
361,KOSONG,NOL,PCS,4375.0,5000.0
362,KOSONG,NOL,PCS,4500.0,5000.0
363,KOSONG,NOL,PCS,4500.0,5000.0
364,MOLTO 500,SBN,RNTNG,4500.0,5000.0
365,TEPUNG KANJI,TEPUNG,KG,12755.1,13500.0
366,ecer,CAMILAN,KG,14600.0,14800.0
367,FANTA SODA KECIL,SODA,PCS,2458.33,3138.3
368,FANTA MERAH KECIL,SODA,PCS,2583.33,3000.0
369,KOSONG,NOL,PCS,3750.0,4000.0
370,COCA COLA 390ML,SODA,PCS,3750.0,4000.0
371,PANILY CAP MOBIL,KUE,PCS,203.67,333.33
372,MINYAK KITA 1LITER,MINYAK,PCS,17900.0,19000.0
373,SIMAS,MENTEGA,KG,22266.67,24000.0
374,SOKLIN ANTISEP 1.000,TISU,PCS,4375.0,5000.0
375,MIE TELUR CAP 3 AYAM,INDOMIE,PCS,1550.0,1750.0
376,MINYAK CURAH,MINYAK,KG,19400.0,20000.0
377,DANCOW COKLAT,SUSU,PCS,3475.0,4000.0
378,DANCOW VANILA,SUSU,PCS,3456.25,4021.82
379,PROTEX UNGU BAG ISI 5,PEMBALUT,PCS,1979.17,2500.0
380,EXTRAJOSS,MINUMAN,PCS,12954.17,13500.0
381,CARNITION 488G,SUSU,PCS,13750.0,14500.0
382,OKE PLAST,OBAT,PCS,225.0,500.0
383,SEGAR DINGIN,MINUMAN,RNTNG,8542.0,9000.0
384,SOLASI KECIL,OBAT,PCS,1083.33,1500.0
385,RACIK SAYUR LODEH,BUMBU,RNTNG,15680.0,17000.0
386,RACIK SAYUR ASEM,BUMBU,PCS,15680.0,2000.0
387,RACIK SAYUR SOP,BUMBU,PCS,1568.0,1700.0
389,KECAP BANGO  700 ML,KECAP,PCS,23333.33,25000.0
390,ROKOK SURYA FILTER 12,ROKOK,PCS,25850.0,27500.0
392,ROKOK SURYA KALENG 50,ROKOK,PCS,2150.0,2500.0
393,ROKOK GALANG BARU FILTER 12,ROKOK,PCS,16300.0,17828.12
394,ROKOK GAJAH BARU KRETEK 16,ROKOK,PCS,10300.0,11000.0
395,ROKOK WARUNG KOPI 12,ROKOK,PCS,11000.0,12000.0
396,ROKOK GAJAH BARU FILTER 12,ROKOK,PCS,16750.0,18000.0
398,ROKOK APACHE 12,ROKOK,PCS,19950.0,21000.0
399,GAS,BUMBU,PCS,18000.0,19000.0
400,ROKOK SAMPOERA PRIMA KRETEK,ROKOK,PCS,15300.0,16500.0
401,ROKOK SAMPOERNA KRETEK 12,ROKOK,PCS,15100.0,16000.0
402,ROKOK SAMPOERNA MILD,ROKOK,PCS,35200.0,35000.0
403,ROKOK RAPTOR FILTER 12,ROKOK,PCS,16600.0,17155.02
404,ROKOK ALAMI 1001,ROKOK,PCS,9200.0,10500.0
405,ROKOK ALAMI TRUBUS,ROKOK,PCS,7900.0,8554.14
406,ROKOK 76 12,ROKOK,PCS,15000.0,16156.35
407,ROKOK DJI SAM SOE 234 12,ROKOK,PCS,19350.0,21000.0
408,OBOR 5KG,BERAS,KG,15300.0,15000.0
409,OBOR 10KG,BERAS,KG,15200.0,15001.36
410,MINYAK TROPICAL BTL 2L,MINYAK,PCS,41133.33,43000.0
411,TAPIOKA GUNUNG AGUNG 500g,TEPUNG,PCS,6800.0,7500.0
412,ROKOK SURYA 16 COKLAT,ROKOK,PCS,34900.0,36000.0
413,ROKOK SURYA PRO MILD PTH,ROKOK,PCS,29850.0,31000.0
414,ROKOK SURYA PRO MERAH,ROKOK,PCS,29850.0,32000.0
415,ROKOK GUDANG GARAM MERAH 12,ROKOK,PCS,14450.0,16000.0
416,GUDANG GARAM MERAH 16,ROKOK,PCS,17450.0,19500.0
417,ROKOK SURYA 16 MERAH,ROKOK,PCS,31650.0,33000.0
418,ROKOK GALANG BARU 16,ROKOK,PCS,21100.0,22317.31
419,ROKOK DJI SAM SOE 234 16,ROKOK,PCS,26200.0,27500.0
420,ROKOK 76 16,ROKOK,PCS,21100.0,22500.0
421,ROKOK APACHE 16,ROKOK,PCS,23900.0,24551.36
422,ROKOK L.A 16,ROKOK,PCS,33300.0,35371.78
423,ROKOK GEO MILD,ROKOK,PCS,24100.0,25000.0
424,MALBORO MERAH 12,ROKOK,PCS,11100.0,11500.0
425,ROKOK  MARLBORO KRETEK,ROKOK,PCS,11200.0,12500.0
426,ROKOK MARLBORO HITAM,ROKOK,PCS,23100.0,24935.06
427,ROKOK GEO KRETEK 12,ROKOK,PCS,10750.0,12000.0
428,ROKOK DIPLOMAT 12,ROKOK,PCS,23800.0,25000.0
429,ROKOK GUDANG GARAM INTER,ROKOK,PCS,24600.0,27500.0
430,ROKOK DJI SAM SOE REFIL 12,ROKOK,PAK,21300.0,22156.03
431,ROKOK DJARUM SUPER 12,ROKOK,PAK,23000.0,24000.0
432,ROKOK WARUNG KOPI JAMBU,ROKOK,PCS,9250.0,10000.0
433,ROKOK PUNDIMAS 16,ROKOK,PCS,9900.0,11000.0
434,ROKOK LA BOLD 20,ROKOK,PCS,37000.0,37550.74
435,ROKOK OE BOLD,ROKOK,PCS,15100.0,15500.0
436,ROKOK CAMEL UNGU 12,ROKOK,PCS,18550.0,19500.0
437,ROKOK MAGNUM FILTER,ROKOK,PCS,25200.0,25500.0
438,ROKOK ALAMI UNGGUL 16,ROKOK,PCS,10350.0,11281.99
439,ROKOK ALAMI UNGGUL 12,ROKOK,PCS,7850.0,9000.0
440,ROKOK 76 MANGGA,ROKOK,PCS,14050.0,15000.0
441,RINSO CAIR 500,SBN,PCS,4500.0,5000.0
442,KOSONG,NOL,PCS,4500.0,5000.0
443,KOSONG,NOL,PCS,4500.0,5000.0
444,RINSO CAIR 1.000,SBN,PCS,4500.0,5000.0
445,KOSONG,NOL,PCS,4500.0,5000.0
446,KOSONG,NOL,PCS,4500.0,5000.0
447,CLOSE UP 72G,SBN,PCS,6250.0,7000.0
449,KOSONG,NOL,PCS,13000.0,14560.0
450,KOSONG,NOL,PCS,12500.0,14000.0
451,KOSONG 2,NOL,PCS,12500.0,14000.0
452,KOSONG,NOL,PCS,12500.0,14000.0
453,LIQUID 700ML,SBN,PCS,12500.0,14000.0
454,DESAKU BAWANG PUTIH,BUMBU,PCS,782.41,1000.0
456,"DESAKU MARINASI TEMPE,IKAN,AYAM",BUMBU,PCS,785.88,1000.0
457,DESAKU KUNYIT BUBUK,BUMBU,PCS,787.71,833.33
458,DESAKU KETUMBAR,BUMBU,PCS,787.55,1000.0
459,KRUPUK BAKUNG KECIL,KRUPUK,KG,19400.0,21000.0
460,KRUPUK BAKUNG BESAR,KRUPUK,KG,16800.0,19000.0
461,KRUPUK BAKUNG  OVAL,KRUPUK,KG,16200.0,18000.0
462,KRUPUK MARIMAR UDANG,KRUPUK,KG,34000.0,36000.0
463,KRUPUK PEDAS,KRUPUK,KG,17600.0,18666.67
464,KRUPUK BAKUNG KUNING,KRUPUK,KG,15800.0,18000.0
465,KRUPUK BAWANG BIBIR,KRUPUK,KG,17200.0,19000.0
466,KOSONG,NOL,PCS,9000.0,9500.0
467,KOSONG,NOL,PCS,9000.0,9500.0
468,KOSONG,NOL,PCS,9000.0,9500.0
469,KOSONG,NOL,RNTNG,8880.95,9500.0
470,KECAP SEDAP 1000ML,KECAP,PCS,18500.0,23500.0
471,kosong,NOL,PCS,1550.0,2000.0
472,KOSONG,NOL,PCS,2750.0,3000.0
473,kosong,NOL,PCS,2400.0,3000.0
474,kosong,NOL,PCS,4041.67,5000.0
475,kosong,NOL,PCS,3900.0,5000.0
476,kosong,NOL,PCS,2375.0,3000.0
477,kosong,NOL,PCS,1558.33,2000.0
478,kosong,NOL,PCS,2300.0,3000.0
479,kosong,NOL,PCS,4041.67,5000.0
480,KOSONG,NOL,PCS,3112.5,4000.0
481,PILLOW STRBY,CAMILAN,RNTNG,8025.0,9000.0
482,KOSONG,NOL,PCS,1560.0,2000.0
483,KOSONG,NOL,PCS,1600.0,2000.0
484,kosong,NOL,PCS,4062.5,5000.0
485,kosong,NOL,PCS,2362.5,3000.0
486,KOSONG,NOL,PCS,9000.0,9500.0
487,KOSONG,NOL,PCS,9000.0,9500.0
488,KOSONG,NOL,PCS,9000.0,9500.0
489,BURUNG DARA LOS,INDOMIE,PCS,33000.0,35000.0
490,BURUNG DARA,INDOMIE,PCS,2430.56,2750.0
491,TEH RIO GULA BATU,MINUMAN,PCS,716.67,1000.0
492,SIMAS 5KG,MENTEGA,DUS,126900.0,130000.0
493,SANTAN SASA,SASA,PCS,4062.5,4500.0
494,KOPI NANGKA GEMBUL,KOPI,KG,76000.0,78000.0
495,MIE MATAHARI,INDOMIE,PCS,6200.0,7000.0
496,MIE TAWON,INDOMIE,PCS,2900.0,3107.14
497,BAWANG PUTIH 1KG,REMPAH,KG,23947.37,25000.0
498,BERAS JAGUNG,BERAS,KG,9200.0,10000.0
500,KECAP DUA BURUNG,KECAP,PCS,11000.0,12000.0
501,HEMAVITON JRENG,MINUMAN,PCS,8000.0,8500.0
502,AIR KN,MINUMAN,DUS,13750.0,15000.0
503,MIE KUDA MENJANGAN 2KG LEBAR,INDOMIE,PCS,36500.0,39000.0
504,MIE KUDA MENJANGAN  100g,INDOMIE,PCS,1580.0,1750.0
505,MIE KUDA MENJANGAN TELUR,INDOMIE,PCS,4950.0,5500.0
506,MERRIES L,PAMPES,PCS,9000.0,10000.0
507,MERRIES M,PAMPES,PCS,9000.0,10000.0
508,MERRIES NB-S,PAMPES,PCS,8776.2,9500.0
509,MERRIES XL,PAMPES,PCS,11250.0,12000.0
510,EKO MIE 36,SEDAP,PCS,8808.33,9500.0
511,BIO 80g,BUMBU,PCS,4375.0,4750.0
512,BIO 1000,BUMBU,PCS,816.67,1000.0
513,JASA PENDINGIN,MINUMAN,PCS,0.0,500.0
514,BERAS A,BERAS,KG,13600.0,14200.0
515,KOSONG,NOL,PCS,8957.14,8957.14
516,KOSONG,NOL,PCS,8957.14,9523.81
517,KOSONG,NOL,PCS,0.0,0.0
518,KOSONG,NOL,PCS,9900.0,11000.0
519,KOSONG,NOL,PCS,9900.0,11000.0
520,RINSO REFIL 510ML,SBN,PCS,9900.0,12000.0
521,KOSONG,NOL,PCS,9900.0,11000.0
522,TOP MURNI,KOPI,RNTNG,6700.0,7000.0
523,MILO SACHET,SUSU,RNTNG,17750.0,18500.0
524,POCARI SWEAT 500ML,MINUMAN,PCS,6360.42,6750.0
525,POCARI SWEAT 350ML,MINUMAN,PCS,5331.25,5750.0
526,NUTRIBOOST STRBRY,MINUMAN,PCS,5275.0,6500.0
527,NUTRIBOOST JERUK,MINUMAN,PCS,5250.0,6500.0
528,KRUPUK INUL,KRUPUK,PCS,9500.0,9500.0
529,KETAN PISANG,BERAS,KG,24500.0,25000.0
530,SUUN,MIE,PCS,4214.29,4657.89
531,KERTAS CAP KHAI,OBAT,PCS,2360.0,3000.0
532,FIESTA HOT,SOSIS,PCS,6250.0,7500.0
533,FIESTA ORIGINAL,SOSIS,PCS,6250.0,7500.0
534,BINTANG,MINUMAN,PCS,7500.0,8500.0
535,KECAP INDOFOOD 520ML,KECAP,PCS,15500.0,17500.0
536,INDOMILK  cream545g,SUSU,PCS,14400.0,15000.0
537,KACANG IJO KUNING,BUMBU,KG,25000.0,30000.0
538,FRESCO KOPI  SUSU,KOPI,PCS,12600.0,13000.0
539,FRESCO KOPI MOCA,KOPI,PCS,12600.0,13000.0
540,FRESCO KOPI BUBUK 6g,KOPI,PCS,6350.0,6500.0
541,BABY HAPPY M,PAMPES,PCS,9000.0,10000.0
542,BABY HAPPY PANTS XL,PAMPES,PCS,11537.5,12168.54
543,BABY HAPPY PANTS XXL,PAMPES,PCS,12812.5,13500.0
544,KOPI MAYOR 135g,KOPI,PCS,8291.67,9000.0
545,ADEM SARI SASHET ISI24,MINUMAN,PCS,2125.0,2500.0
546,KECAP SEDAP 500,KECAP,RNTNG,4625.0,5000.0
547,SIKAT FORMULA,OBAT,PCS,2500.0,3000.0
548,SOSIS SONICE AYAM,SOSIS,PCS,720.0,1000.0
549,SOSIS SONICE SAPI,SOSIS,PCS,720.0,1000.0
550,KOSONG,NOL,PCS,3083.33,3500.0
551,KOPI ABC BTL 200ML KOPI SUSU,KOPI,PCS,3083.33,3500.0
552,GO POTATO,CAMILAN,RNTNG,8675.0,9000.0
553,GALAXY 250g,BUMBU,PCS,9925.0,10250.0
554,GALAXY 100g,BUMBU,PCS,4450.0,4750.0
555,KOPI KELUD,KOPI,KG,44000.0,48000.0
556,MICIN KILOAN,BUMBU,KG,22000.0,27000.0
558,LIFEBUOY CAIR 85G MERAH,SBN,PCS,3500.0,3750.0
559,LIFEBUOY CAIR 85g biru,SBN,PCS,3500.0,3750.0
560,LIFEBOUY CAIR 85g KUNING,SBN,PCS,3500.0,3750.0
561,LUX CAIR ZAITUN MADU 85g,SBN,PCS,3500.0,3750.0
562,LUX LAVENDER CAIR 85g,SBN,PCS,3500.0,3750.0
563,SABUN  LOVELY CAIR  85G,SBN,PCS,3500.0,3750.0
564,TEPUNG KRIUK KECIL,TEPUNG,PCS,700.0,1000.0
565,TEPUNG KRIUK BESAR,TEPUNG,PCS,2500.0,3000.0
566,GULA MERAH BULAT KECIL,KUE,KG,15600.0,17500.0
567,MAMA LEMON 950ML,SBN,PCS,10500.0,13000.0
568,MOLTO CASABLANCA 650ML,SBN,PCS,14900.0,17000.0
569,MOLTO SOFT &GENTLE 650ML,SBN,PCS,14900.0,17000.0
570,MOLTO LUXURY 650ML,SBN,PCS,14900.0,17000.0
571,MOLTO MORNING FRESH 550ML,SBN,PCS,14900.0,17000.0
572,kosong,NOL,PCS,2562.5,2650.0
573,KETAN GAJAH,BERAS,KG,21000.0,22500.0
574,KACANG IJO,BUMBU,KG,25000.0,27000.0
575,KACANG INDIA kecil,BUMBU,KG,32000.0,33032.26
576,KACANG INDIA besar,BUMBU,KG,35070.28,38000.0
577,KOPI 88 250g,KOPI,PCS,11250.0,12000.0
578,KETAN HITAM,BERAS,KG,19000.0,20000.0
579,JASJUS JERUK,RASA RASA,RNTNG,2933.33,3250.0
580,JASJUS JERUK NIPIS,RASA RASA,RNTNG,2933.33,3250.0
581,JASJUS MELON,RASA RASA,RNTNG,2933.33,3250.0
582,JASJUS KELAPA MUDA,RASA RASA,RNTNG,2933.33,3250.0
583,JASJUS LECI,RASA RASA,RNTNG,2933.33,3250.0
584,JASJUS JERUK PERAS,RASA RASA,RNTNG,2933.33,3250.0
585,JASJUS CINCAU,RASA RASA,RNTNG,2933.33,2933.33
586,JASJUS MANGGA,RASA RASA,RNTNG,2933.33,3250.0
587,JASJUS STROBERY,RASA RASA,RNTNG,2933.33,2933.33
588,TOP KOPI SUSU,KOPI,RNTNG,14825.0,15000.0
589,MAMA LEMON 4.000,SBN,PCS,2966.67,3500.0
590,KUKUBIMA ENER-G,MINUMAN,PCS,5750.0,6500.0
591,BAYGON LAVENDER,OBAT,PCS,3533.33,4000.0
592,KISS GRAPE,PERMEN,PCS,6064.58,7000.0
593,KISS CHERRY,PERMEN,PCS,6041.67,7500.0
594,SEDAP KARI SPESIAL,SEDAP,PCS,2648.53,2850.0
595,GOOD DAY BTL ORIGINAL,MINUMAN,PCS,4972.92,5500.0
596,GULA MADURA,BUMBU,KG,19500.0,20500.0
597,ALAMO 600ml,MINUMAN,PCS,1500.0,2000.0
598,GULA KEREK,CAMILAN,KG,16600.0,17500.0
599,KRUPUK MARIMAR BAWANG,KRUPUK,KG,29500.0,32000.0
600,KRUPUK UDANG BAKUNG,KRUPUK,KG,29000.0,32000.0
601,KRUPUK GUNTING,KRUPUK,KG,13600.0,15000.0
602,BABY HAPPY L,PAMPES,RNTNG,9071.88,10079.86
603,AQUA 600ML,MINUMAN,PCS,1804.17,2500.0
604,AQUA 1500ML,MINUMAN,PCS,4250.0,4500.0
605,NABATI RICHEESE 2.000,NABATI,PCS,1506.25,1748.93
606,NABATI COKLAT,NABATI,PCS,1500.0,1750.0
607,CLEO BTL MINI 220ML,MINUMAN,PCS,750.0,1000.0
608,SEDAP SINGAPURA SPICY LAKSA,SEDAP,PCS,2625.0,2800.0
609,SEDAP WHITE CURRY,SEDAP,PCS,2562.5,2650.0
610,TALI RAFIA 1/4,OBAT,PCS,3975.0,4500.0
611,SHAMPO EMERON,SHAMPO,RNTNG,4047.62,4500.0
612,KOSONG,NOL,PCS,4047.62,4346.59
613,KEPOMPONG 5KG,BERAS,KG,15500.0,15000.0
614,KEPOMPONG 10 KG,BERAS,KG,14800.0,15000.0
615,KEPOMPONG 25KG,BERAS,KG,14800.0,15600.0
616,TEH CANDI,MINUMAN,PCS,6500.0,7000.0
617,BAYGON SPRAY,OBAT,PCS,30000.0,32000.0
618,abc,CAMILAN,KG,14700.0,15000.0
619,DOWNY SUNRISE FRESH 600ML,SBN,PCS,20000.0,22000.0
620,DOWNY PASSION 600 ML,SBN,PCS,20000.0,22000.0
621,DOWNY ADORABLE 600ML,SBN,PCS,20000.0,22000.0
622,DOWNY MYSTIQUE 600ML,SBN,PCS,20000.0,22000.0
623,DOWNY FLORAL PINK 600ML,SBN,PCS,20000.0,22000.0
624,SOFTEX DAUN SIRIH isi 2,PEMBALUT,PCS,10833.33,11750.0
625,CHOCOLATOS CREMY,MINUMAN,RNTNG,19100.0,19500.0
626,CHOCOLATOS VANILA,MINUMAN,RNTNG,18860.0,19500.0
627,CHOCOLATOS MATCHA,MINUMAN,RNTNG,18875.0,19500.0
628,INTERMI PEDAS,INDOMIE,PCS,1300.0,1500.0
629,INDOMIE SOTO SPESIAL,INDOMIE,PCS,2700.0,2900.0
630,SARIMI GELAS SOTO,INDOMIE,RNTNG,8041.67,8500.0
631,CABE KERING,REMPAH,KG,62500.0,66818.18
632,SAOS TOMAT 135ML,SAOS,PCS,5000.0,5500.0
633,SAOS SAMBAL EX PDS 135ML,SAOS,PCS,5900.0,6500.0
634,SAOS SAMBAL PEDAS 135ML,SAOS,PCS,5900.0,6500.0
635,SAOS SAMBAL PEDAS 275ML,SAOS,PCS,10500.0,11500.0
636,SAOS TOMAT 275ML,SAOS,PCS,8800.0,9500.0
637,INDOMILK COKLAT SKM 370G,SUSU,PCS,10729.17,11500.0
638,DOWNY SUNRISE FRESH 950ML,SBN,PCS,29900.0,32000.0
639,DOWNY MYSTIQUE 950ML,SBN,PCS,30000.0,32000.0
640,KEJU PROCHIZ GOLD RNTNG,KUE,RNTNG,13500.0,14000.0
641,KEJU WINCHEEZ,KUE,PCS,11437.5,12500.0
642,INDOMILK COKLAT 545g,SUSU,PCS,15000.0,15000.0
643,GARAM ASEM,MINUMAN,PCS,2000.0,2500.0
644,KACANG KUPAS KECIL,BUMBU,KG,32291.67,34000.0
645,AUTAN,OBAT,PCS,390.62,500.0
646,NIPIS MADU,MINUMAN,PCS,3125.0,4000.0
647,FANTA BESAR,SODA,PCS,3583.33,4000.0
648,SPRITE 390ML,SODA,PCS,3658.33,4000.0
649,DAIRY CHAMP 1KG,SUSU,PCS,22000.0,23500.0
650,SANTAN BUBUK,BUMBU,RNTNG,7833.33,8500.0
651,MAKARONI ANGGUR,KRUPUK,PCS,16000.0,20000.0
652,TEH DANDANG,MINUMAN,PCS,3300.0,3750.0
653,PUSAKO ECER,CAMILAN,PCS,80.0,125.0
654,TOP CAPOCINO,KOPI,RNTNG,17500.0,18500.0
655,ANTANGIN,OBAT,PCS,3591.67,4000.0
656,AOKA GULUNG COKLAT,ROTI,PCS,1666.67,1800.0
657,AOKA GULUNG  KEJU,ROTI,PCS,1666.67,1800.0
658,AOKA GULUNG PANDAN,ROTI,PCS,1666.67,1800.0
659,AOKA PANDA COKLAT,ROTI,PCS,1666.67,1800.0
660,AOKA PANDA VANILA,ROTI,PCS,1666.67,1800.0
661,AOKA PANDA PANDAN,ROTI,PCS,1666.67,1800.0
663,AOKA KOTAK BLUBERY,ROTI,PCS,1833.33,1950.0
664,AOKA KOTAK KEJU,ROTI,PCS,1833.33,1950.0
665,AOKA KOTAK COKLAT,ROTI,PCS,1833.33,1950.0
666,AOKA KOTAK STROERY,ROTI,PCS,1833.33,1950.0
667,AOKA KOTAK VANILA,ROTI,PCS,1833.33,1950.0
668,ZAFIRA BTL 400ML,MINYAK,PCS,8583.33,9000.0
669,TEA JUS LEMON,RASA RASA,RNTNG,2972.22,3250.0
670,TEA JUS GULA BATU,RASA RASA,RNTNG,2916.67,3250.0
671,TEA JUS APEL,RASA RASA,RNTNG,2966.67,3250.0
672,TEA JUS MELATI,RASA RASA,RNTNG,2972.22,3256.09
673,HAPPY TOS,CAMILAN,RNTNG,16600.0,17500.0
674,ALAMO BESAR,MINUMAN,PCS,2708.33,4000.0
675,KECAP SEDAP HIJAU,KECAP,PCS,1555.56,2000.0
676,NUTRIJEL COKLAT,AGAR AGAR,PCS,2358.33,3000.0
677,NUTRIJEL ANGGUR,AGAR AGAR,PCS,1666.67,2000.0
678,NUTRIJEL KELAPA,AGAR AGAR,PCS,1666.67,2000.0
679,NUTRIJEL BLUBERRY,AGAR AGAR,PCS,1666.67,2000.0
680,NUTRIJEL JAMBU,AGAR AGAR,PCS,1666.67,2000.0
681,NUTRIJEL MELON,AGAR AGAR,PCS,1666.67,2000.0
682,NUTRIJEL LECI,AGAR AGAR,PCS,1666.67,2000.0
683,NUTRIJEL JERUK,AGAR AGAR,PCS,1666.67,2000.0
684,NUTRIJEL STROBERY,AGAR AGAR,PCS,1666.67,2000.0
685,NUTRIJEL CINCAU,AGAR AGAR,PCS,1666.67,2000.0
686,NUTRIJEL TANPA RASA,AGAR AGAR,PCS,1666.67,2000.0
687,KACANG KUPAS BESAR,BUMBU,KG,33333.33,35000.0
688,BIO 500,BUMBU,PCS,2468.75,2750.0
689,ZAFIRA 4.5L,MINYAK,PCS,83000.0,98000.0
690,SRIGUNTING HIJAU,AGAR AGAR,PCS,1979.17,2500.0
691,SRIGUNTING PUTIH,AGAR AGAR,PCS,1979.17,2500.0
692,TALI RAFIA 1/2,CAMILAN,PCS,7750.0,10000.0
693,TALI RAFIA 1KG,CAMILAN,PCS,15900.0,18000.0
694,POP ICE TARO,RASA RASA,RNTNG,10604.0,11250.0
695,POP ICE VANILA BLUE,RASA RASA,RNTNG,10604.0,11250.0
696,POP ICE MANGO,RASA RASA,RNTNG,10295.0,11250.0
697,POP ICE CAPOCINO,RASA RASA,RNTNG,10604.0,11250.0
698,POP ICE STROBERY,RASA RASA,RNTNG,10600.0,11250.0
699,POP ICE COKLAT,RASA RASA,RNTNG,10688.0,11250.0
700,POP ICE AVOCADO,RASA RASA,RNTNG,10688.0,11679.46
701,POP ICE MELON,RASA RASA,RNTNG,10604.0,11250.0
702,POP ICE PERMEN KARET,RASA RASA,RNTNG,10688.0,11250.0
703,BEDAK CUSSON 100+30G,SBN,PCS,9300.0,11000.0
704,BEDAK CUSSONS BABY 260G,SBN,PCS,12000.0,13500.0
705,KETUMBAR 1KG,REMPAH,ONS,1850.0,3000.0
706,KECAP PIRING,KECAP,PCS,18875.0,20000.0
707,KEMIRI 1kg,REMPAH,ONS,4700.0,6558.14
708,BON CABE LEVEL 30,CAMILAN,PCS,960.0,1000.0
709,BON CABE LEVEL 50,CAMILAN,PCS,965.2,1000.0
710,BON CABE LEVEL 15,CAMILAN,PCS,962.5,1000.0
711,KOBE SERBAGUNA,TEPUNG,RNTNG,7916.67,8500.0
712,SAANG 1KG,REMPAH,ONS,15300.0,18000.0
713,PILUS PEDAS,CAMILAN,RNTNG,4158.0,4500.0
714,PILUS RUMPUT LAUT,CAMILAN,RNTNG,4158.0,4500.0
715,PILUS SAPI PANGGANG,CAMILAN,RNTNG,4158.0,4500.0
716,PILUS MIE GORENG,CAMILAN,RNTNG,8316.0,9000.0
717,PILUS ABON PANGGANG,CAMILAN,RNTNG,4158.0,4500.0
718,PILUS FRIED CHICKEN,CAMILAN,RNTNG,8300.0,9000.0
719,KOSONG,NOL,KG,38500.0,40000.0
720,KEJU PROCHIZ GOLD,KUE,PCS,10500.0,11500.0
721,SAMBAL FRIED CHICKEN SASHET,SAOS,RNTNG,4217.5,5000.0
722,SAMBAL INDOFOOD PEDAS SHASET,SAOS,RNTNG,9285.71,10000.0
723,BLUE BAND,MENTEGA,KG,32000.0,35000.0
724,LARUTAN BADAK KLG DWSA,MINUMAN,PCS,5359.68,6500.0
725,KOSONG,NOL,PCS,5359.68,6500.0
726,KOSONG,NOL,PCS,5359.68,6500.0
727,LARUTAN BADAK T,MINUMAN,PCS,5342.0,5729.17
728,LARUTAN BADAK K,MINUMAN,PCS,3044.16,3500.0
729,LARUTAN BADAK B,MINUMAN,PCS,6882.0,8341.82
730,KOSONG,NOL,RNTNG,4047.62,4500.0
731,KOSONG,NOL,RNTNG,4047.62,4500.0
732,KOSONG,NOL,RNTNG,4047.62,4500.0
733,KOSONG,NOL,RNTNG,4142.86,4500.0
734,KOSONG,NOL,RNTNG,4250.0,4725.0
735,SAYANG 220G,SBN,PCS,2618.06,5000.0
736,TEH GELAS BTL,MINUMAN,PCS,1770.83,2500.0
737,KACANG IJO KUPAS,CAMILAN,KG,31000.0,33000.0
738,WIJEN,KUE,KG,35000.0,40000.0
739,FINTO MERAH,RASA RASA,RNTNG,3097.22,3500.0
740,TOP MURNI 165GRAM,KOPI,PCS,18125.0,19000.0
741,ROYCO AYAM 220G,BUMBU,PCS,8666.67,9500.0
742,PROTEX DAUN SIRIH,PEMBALUT,RNTNG,4250.0,5000.0
743,JAVANA,MINUMAN,PCS,2052.08,2500.0
744,kosong,NOL,RNTNG,4260.0,4850.0
755,SLAI OLAI 192G,CAMILAN,PCS,7860.0,8500.0
756,CHOCHOLATOS COKLAT,MINUMAN,RNTNG,18875.0,18850.0
757,SARI GANDUM,CAMILAN,PCS,1666.67,2000.0
758,RINSO PK 1.000,SBN,RNTNG,4380.95,4850.0
759,SHINZUI CAIR,SBN,PCS,19000.0,21000.0
760,MALKIST ABON,CAMILAN,PAK,8500.0,9000.0
761,MALKIST COKLAT,CAMILAN,PAK,8500.0,9000.0
762,KOSONG,NOL,PCS,750.0,850.0
763,KOSONG,NOL,PCS,750.0,850.0
764,KRESEK UK 15,CAMILAN,KG,22500.0,23500.0
765,KRESEK UK 24,CAMILAN,KG,31000.0,33000.0
766,KRESEK UK 28,CAMILAN,KG,31000.0,33000.0
767,KRESEK 32,CAMILAN,KG,17000.0,18000.0
768,PLASTIK 1KG,CAMILAN,PCS,3300.0,4000.0
769,PLASTIK 1/2,CAMILAN,PCS,4500.0,5000.0
770,MINYAK KITA BTL 1L,MINYAK,PCS,17500.0,19384.62
771,TEPUNG TERIGU,TEPUNG,KG,6980.0,8000.0
772,CHOCOLATOS 500,CAMILAN,PCS,399.31,500.0
773,PIATOS 1000,CAMILAN,PCS,875.0,900.0
774,PIATOS 2000,CAMILAN,PCS,1650.0,2000.0
775,TARO 2000,CAMILAN,PCS,1600.0,2000.0
776,SUPER STAR,CAMILAN,PCS,833.12,997.75
777,kosong,NOL,PCS,3950.0,5000.0
778,MAMAKU BALADO,CAMILAN,PCS,4250.0,4500.0
779,EKOMIE GORENG,SEDAP,PCS,1272.5,1500.0
780,INDOMIE SOTO KOYA PEDAS,INDOMIE,PCS,2675.0,2900.0
781,INDOMI SEBLAK,INDOMIE,PCS,2725.0,3000.0
782,INDOMI BANG LADES,INDOMIE,PCS,2850.0,3000.0
783,TOP ICE VANILA,MINUMAN,RNTNG,3000.0,3250.0
784,TOP ICE STROBERY,MINUMAN,RNTNG,3000.0,3250.0
785,KOSONG,NOL,PAK,3000.0,3250.0
786,kosong,NOL,PCS,2118.06,2300.0
787,HARMONY,SBN,PCS,2125.0,2500.0
788,SAOS SAMBAL INDOSARI,SAOS,PCS,2450.0,3000.0
789,DETTOL,SBN,PCS,2395.83,2500.0
790,KOSONG,NOL,PCS,2395.83,2500.0
791,MIE KREMES ENAK,CAMILAN,PCS,812.5,900.0
792,KOPIKO,PERMEN,PAK,8975.0,10000.0
793,SARIMI BAWANG,INDOMIE,PCS,2715.0,2900.0
794,BIMOLI 2L,MINYAK,PCS,42800.0,44000.0
795,KINGKONG,OBAT,PCS,4333.33,5000.0
796,TESSA,TISU,PCS,8125.0,8500.0
797,KRUPUK ORANGE,KRUPUK,KG,17600.0,22956.52
978,BLUE BAND 1/4,MENTEGA,KG,8000.0,9000.0
979,kosong,NOL,PCS,1550.0,2000.0
980,TIC TAC SAPI PANGGANG,CAMILAN,RNTNG,8633.33,9000.0
981,TIC TAC MIX,CAMILAN,PCS,863.33,900.0
982,KORO KORO PEDAS,CAMILAN,RNTNG,8633.33,9000.0
983,KORO KORO ORIGINAL,CAMILAN,RNTNG,8633.33,9000.0
984,CHOCOLATOS DARK,CAMILAN,PAK,16718.75,17500.0
985,BOYKI,CAMILAN,RNTNG,8250.0,9000.0
986,ROSTA 1000,CAMILAN,PCS,797.5,1000.0
987,ROSTA 2000,CAMILAN,RNTNG,15675.0,17500.0
988,TARO 1000,CAMILAN,PCS,850.0,1000.0
989,WAFELLO 1000,CAMILAN,PAK,8500.0,9000.0
990,SPONGE COKLAT 2.000,CAMILAN,RNTNG,15833.33,17000.0
991,CHOKI CHOKI,CAMILAN,PCS,850.0,1000.0
992,KALPA,CAMILAN,PCS,1614.58,2000.0
993,SUKRO,CAMILAN,RNTNG,16650.0,17500.0
994,kosong,NOL,PAK,10041.67,10500.0
995,TWISKO 1000,CAMILAN,RNTNG,8250.0,9000.0
996,TWISKO 2000,CAMILAN,RNTNG,17000.0,17500.0
997,PILLOWS UNGU,CAMILAN,PCS,801.67,1000.0
998,PILLOWS COKLAT,CAMILAN,PCS,728.79,1000.0
999,CHOCHO CRUNCH,CAMILAN,PCS,1617.0,2000.0
